file,fluid,failed_points,filled_points,n_refprop_missing,dT_sat_max_K,n_overall,dT_K_p99_overall,dT_K_max_overall,ds_JkgK_p99_overall,ds_JkgK_max_overall,dd_pct_p99_overall,dd_pct_max_overall,n_liquid,dT_K_p99_liquid,dT_K_max_liquid,ds_JkgK_p99_liquid,ds_JkgK_max_liquid,dd_pct_p99_liquid,dd_pct_max_liquid,n_twophase,dT_K_p99_twophase,dT_K_max_twophase,ds_JkgK_p99_twophase,ds_JkgK_max_twophase,dd_pct_p99_twophase,dd_pct_max_twophase,n_vapor,dT_K_p99_vapor,dT_K_max_vapor,ds_JkgK_p99_vapor,ds_JkgK_max_vapor,dd_pct_p99_vapor,dd_pct_max_vapor,n_supercritical,dT_K_p99_supercritical,dT_K_max_supercritical,ds_JkgK_p99_supercritical,ds_JkgK_max_supercritical,dd_pct_p99_supercritical,dd_pct_max_supercritical,n_nearcrit,dT_K_p99_nearcrit,dT_K_max_nearcrit,ds_JkgK_p99_nearcrit,ds_JkgK_max_nearcrit,dd_pct_p99_nearcrit,dd_pct_max_nearcrit
CYCLOPEN_BUTANE_mass_0.00_1.00.npz,BUTANE,0,0,0,0.0011394386374377063,2000,0.003713886897855325,0.04865561715689637,0.004910201623922603,0.028625474690443298,0.0033900640158225654,0.20349972556336585,390,0.015273011076582828,0.04865561715689637,0.017060602188189514,0.028625474690443298,0.042073030485564177,0.20349972556336585,655,4.8521769543868155e-05,0.0011466926210346173,0.002371735064316456,0.018679574986890657,0.003033542448160071,0.1762993827871424,684,0.007259173811713701,0.0245764438377023,0.001146887092118043,0.0052506102128973,0.0008217388431613984,0.003393402612034037,271,0.00016159305434939607,0.0007644497845262777,5.8245742968665955e-05,0.00013630046009893704,0.00047207175489230217,0.009236127800902494,78,0.03479588213894438,0.04865561715689637,0.026017137607966576,0.028625474690443298,0.1825554616256739,0.20349972556336585
CYCLOPEN_BUTANE_mass_0.05_0.95.npz,CYCLOPEN[0.05]&BUTANE[0.95]|mass,0,0,0,7.872963715271908e-05,2000,0.001763380736351223,0.024779982066718276,0.004208048190532734,6.75812481146113,0.0022423089275052095,2.914995075583805,379,0.002399652717465398,0.017881119404194123,0.007470686143783345,0.018426752758841758,0.0033127302136880294,0.04709101948947461,673,3.0844314767363844e-05,0.0032328705933082347,0.005414023818047999,6.75812481146113,0.002075453353799839,2.914995075583805,689,0.0024468898307645763,0.024779982066718276,0.0004896363903208114,0.005598180083325133,0.0006461460586746938,0.00433815582141749,259,0.0027186538984403305,0.01045440971432754,0.00014026836778384554,0.0007504074560529261,0.014947646627354264,0.05574930397111905,76,0.01960583506982516,0.024779982066718276,1.7151349011704724,6.75812481146113,0.8056537154544274,2.914995075583805
CYCLOPEN_BUTANE_mass_0.10_0.90.npz,CYCLOPEN[0.1]&BUTANE[0.9]|mass,0,0,0,0.0029457250188329454,2000,0.001155612854842047,0.28581209028300236,0.0017057944695034143,13.61956107964761,0.002269386423400233,7.751937393396455,362,0.0021418544467599067,0.00904273146346668,0.006149348275516763,0.00980223829105853,0.004211164987602272,0.02564549151803315,691,3.281538700434801e-05,0.00017945001820862672,0.0004297075513136447,0.005150473221874563,0.0011079738043833977,0.03570417877900553,692,0.0018964238735503637,0.011765363246183824,0.00044391275241650874,0.003917918919341901,0.0006427554004629656,0.0037080178670256523,255,0.06156537315474892,0.28581209028300236,0.003436045416056054,13.61956107964761,0.31098581262377606,7.751937393396455,70,0.2553807763419844,0.28581209028300236,4.230442127285445,13.61956107964761,4.103705709144307,7.751937393396455
CYCLOPEN_BUTANE_mass_0.15_0.85.npz,CYCLOPEN[0.15]&BUTANE[0.85]|mass,0,0,0,0.006030333090450313,2000,0.0020364543167426053,0.02409722382014934,0.001964417857470828,0.012366352938670389,0.003863941803784953,0.2282503307123277,355,0.003393417347139094,0.005541642849834716,0.010384602018084468,0.012366352938670389,0.007671871347085146,0.013025488929615203,706,4.3669315135731175e-05,0.00029443042888033233,0.0008574889053761621,0.010705406351007696,0.004165950504815962,0.07187065149081259,698,0.0027075759937378037,0.02409722382014934,0.0009107586488471478,0.012347408068308141,0.001235240057317562,0.039971691920630784,241,0.0022030229137271736,0.00826176407241519,0.00011128704798011307,0.0014718805027769122,0.013469238157082787,0.2282503307123277,62,0.019344120926913892,0.02409722382014934,0.012354796567749418,0.012366352938670389,0.13285872638720359,0.2282503307123277
CYCLOPEN_BUTANE_mass_0.20_0.80.npz,CYCLOPEN[0.2]&BUTANE[0.8]|mass,0,0,0,0.007073457735486954,2000,0.0014862100161656144,0.047584577414966134,0.0034287376591851165,9.604163008163141,0.002706807240204504,3.3148582053383233,347,0.0017570805114894583,0.010111028949609135,0.0057414654840386,0.01574465581597906,0.0028670172209380187,0.02702423970733761,720,2.3166279212886896e-05,0.00047112914904801073,0.0008748666799533549,0.010960583289488568,0.005542402784645306,0.04325737216821043,699,0.0020085379300485264,0.007940800221376776,0.0006306839674562069,0.0029262263715281733,0.0006170630219060703,0.0027062653583216053,234,0.026049484865180786,0.047584577414966134,0.14804006158118674,9.604163008163141,0.21216658033119568,3.3148582053383233,56,0.04000386199073777,0.047584577414966134,4.437377223596108,9.604163008163141,1.66918743886267,3.3148582053383233
CYCLOPEN_BUTANE_mass_0.25_0.75.npz,CYCLOPEN[0.25]&BUTANE[0.75]|mass,0,0,0,0.007320259247080685,2000,0.0012003159122963324,0.6522606581340256,0.0028269182594442546,14.020250736343769,0.002630389831676128,14.85382398979214,343,0.001413611041256212,0.02162055210425251,0.005492903650333561,0.012038610112313108,0.0028873684658245794,0.07357095786711104,730,4.02827998777874e-05,0.6522606581340256,0.0007900725441822947,14.020250736343769,0.004252029521134574,14.85382398979214,702,0.0018708658777291027,0.011306037217082121,0.0006627555483009942,0.004369161181784875,0.0008523702855949998,0.010266383004939872,225,0.0009409930569972776,0.5090870662213547,0.00013266981883134564,0.06395072722443729,0.004084822718824391,4.010445220977792,53,0.5778103903394363,0.6522606581340256,6.762974731601673,14.020250736343769,9.215267030008645,14.85382398979214
CYCLOPEN_BUTANE_mass_0.30_0.70.npz,CYCLOPEN[0.3]&BUTANE[0.7]|mass,0,0,0,0.00846685256379942,2000,0.0012459178289122956,0.026439220654310702,0.002936620917292884,0.012773055627803842,0.0029574992740604785,0.09148812739963907,332,0.0028113705173592493,0.025089114409524882,0.0060691714299923654,0.012773055627803842,0.006313148734152181,0.09148812739963907,746,7.350823063063616e-05,0.0005381181126153933,0.0008126484432977898,0.012195516377687454,0.002895083578789055,0.04938698849193499,704,0.004163586166937468,0.026439220654310702,0.0010692957171113543,0.010950933942240226,0.0015651864688282532,0.02626240228499318,218,0.00029867149068252096,0.0056350145678720764,0.00011976789731534065,0.00014713577047587023,0.0006866151240266918,0.04739417164886347,52,0.025750666469469937,0.026439220654310702,0.012478510610244485,0.012773055627803842,0.07001654655671008,0.09148812739963907
CYCLOPEN_BUTANE_mass_0.35_0.65.npz,CYCLOPEN[0.35]&BUTANE[0.65]|mass,0,0,0,0.008726170427792113,2000,0.0012391601214528682,0.09911972697682359,0.003622467103477902,0.013732658680510212,0.003117312610671145,0.8884424314333241,325,0.002339859400801729,0.004914163945329619,0.005800187781724152,0.013732658680510212,0.004039452428832158,0.013670663142752006,753,8.84390279293262e-05,0.0006520012182704704,0.001809488698481812,0.012506746307735739,0.003222841369572488,0.05325111818181551,706,0.002734542666141239,0.025583965905696004,0.0006936233646456506,0.011392612034796912,0.0011831761658512747,0.027539848948515792,216,0.000604005565179475,0.09911972697682359,0.0001389786070461694,0.001623191399858115,0.006299557025369907,0.8884424314333241,53,0.060881131219837015,0.09911972697682359,0.013095184246667483,0.013732658680510212,0.454142948542537,0.8884424314333241
CYCLOPEN_BUTANE_mass_0.40_0.60.npz,CYCLOPEN[0.4]&BUTANE[0.6]|mass,0,0,0,0.009049331512073877,2000,0.0011996105142389958,0.09086590061974675,0.00382622493855251,0.013970046764370636,0.003558181131578842,0.7714353540259831,328,0.002408733910720014,0.013844934101769013,0.006075824114084306,0.013970046764370636,0.004850239555466564,0.039028675582386096,752,0.0001624636506795697,0.0006665053117558273,0.002041885985947839,0.01115875313325887,0.004661124435811349,0.032591092647269324,709,0.0035744639658218925,0.021479122879270562,0.0007567833884422674,0.010105735631441348,0.001600652068626932,0.02452148212928195,211,0.0002735930768153595,0.09086590061974675,0.0001498034773931071,0.002267640023092099,0.0007895676855376251,0.7714353540259831,52,0.05547864397210404,0.09086590061974675,0.01266483868750584,0.013970046764370636,0.39790794801975005,0.7714353540259831
CYCLOPEN_BUTANE_mass_0.45_0.55.npz,CYCLOPEN[0.45]&BUTANE[0.55]|mass,0,0,0,0.009450091375299507,2000,0.0014073700898813953,0.093998387429167,0.004114984250091993,0.014314306840560675,0.004209787741026275,0.600897603676021,329,0.0026098282144084634,0.01816801538211621,0.010276665794754043,0.014314306840560675,0.0047297382177925685,0.05234034954772277,748,0.0002183359105015367,0.0006752242545644549,0.00215882449093438,0.009031135221903241,0.005911574802985166,0.02304372696839876,714,0.0033614007640704814,0.01983904926385094,0.0010684299418699098,0.00804512323338713,0.0013655973253459078,0.019520332956109523,209,0.00027277920483129484,0.093998387429167,0.0001645526391371269,0.002742176267929608,0.003941360547675173,0.600897603676021,49,0.058401905109814994,0.093998387429167,0.013475515359341437,0.014314306840560675,0.3375901216944357,0.600897603676021
CYCLOPEN_BUTANE_mass_0.50_0.50.npz,CYCLOPEN[0.5]&BUTANE[0.5]|mass,0,0,0,0.009941338142084533,2000,0.0015723849663874033,0.24186694745435489,0.003518652276151215,0.014950650699802281,0.003524709314082387,1.9358683008170163,329,0.002633995481592125,0.019895168141147224,0.010824627741912977,0.014950650699802281,0.003555935326542574,0.058297819367651715,747,0.00026370883704430423,0.0006294525007888296,0.0013521852554822455,0.007283074232873332,0.004901277558971392,0.015164353134099301,715,0.0030456158446008916,0.018497684986982676,0.000959387806024097,0.006283604341206228,0.0014366121731511222,0.013717967040403631,209,0.0007850373977089411,0.24186694745435489,0.00017754670148406045,0.0094613885949002,0.006379170334578087,1.9358683008170163,51,0.13088105779775105,0.24186694745435489,0.014885095952081429,0.014950650699802281,0.997083060092334,1.9358683008170163
CYCLOPEN_BUTANE_mass_0.55_0.45.npz,CYCLOPEN[0.55]&BUTANE[0.45]|mass,0,0,0,0.010536814370539105,2000,0.0016011363084669466,0.058675284004380046,0.0028235800772438324,0.015798268423623085,0.002900133607038912,0.3617866901806658,328,0.0027043402930820764,0.02002847322017942,0.011021635389015525,0.015798268423623085,0.003509475894993704,0.059253111374716616,745,0.00024246156296157828,0.0005500709787042979,0.0013180935259060529,0.00572450988397577,0.004011690281773316,0.009639600936165265,719,0.0026447910104843743,0.01627072853017353,0.0007233061010538224,0.005569285744513763,0.0009812800738294445,0.007747561635729529,208,0.0016916230198819532,0.058675284004380046,0.00021922622001852702,0.000581359288389649,0.0029573849710947927,0.3617866901806658,44,0.0442884941382522,0.058675284004380046,0.015397660318915315,0.015798268423623085,0.3228880278340114,0.3617866901806658
CYCLOPEN_BUTANE_mass_0.60_0.40.npz,CYCLOPEN[0.6]&BUTANE[0.4]|mass,0,0,0,0.011251225107798746,2000,0.0015716021497581777,0.019118332828270468,0.002116528241390369,0.015758093901695247,0.003180725834258598,0.07842560313640909,328,0.003916316229961601,0.019118332828270468,0.010865113412686487,0.015758093901695247,0.005870841066852641,0.056682445515407985,739,0.0002123886257891174,0.0006491354322406551,0.001865207545829437,0.004991673786207684,0.0031810284788110366,0.0231433421008097,726,0.002078639207809374,0.01352938527003289,0.000800710875751065,0.0046181176221580245,0.0009348189436198112,0.005834104830964569,207,0.003453117399074012,0.01613013938668928,0.0002228534438046381,0.0004237425459905353,0.019978318638842713,0.07842560313640909,46,0.017773645779558925,0.019118332828270468,0.015446978087368278,0.015758093901695247,0.06864118220695853,0.07842560313640909
CYCLOPEN_BUTANE_mass_0.65_0.35.npz,CYCLOPEN[0.65]&BUTANE[0.35]|mass,0,0,0,0.01209904417493135,2000,0.0015484858883695548,0.058232831769601034,0.002025418996074677,0.01512622576387912,0.002108554724001163,0.6162164063219834,330,0.0037786558149696036,0.017476699850419664,0.01139896441819471,0.01512622576387912,0.0055462535161145115,0.0515770629773431,735,0.00012478527186544845,0.0012929894728017644,0.0011237767607417317,0.008139574756569345,0.0020127238096610215,0.040631647043034534,731,0.0028079134905113308,0.01043757685363289,0.0010661112934485628,0.003517003975048283,0.0009239606785619571,0.004261023008253608,204,0.004280660563522359,0.058232831769601034,0.0002599841796002522,0.00142976127062866,0.030888417842589545,0.6162164063219834,44,0.041005315754623566,0.058232831769601034,0.014927461091187979,0.01512622576387912,0.39193516961453656,0.6162164063219834
CYCLOPEN_BUTANE_mass_0.70_0.30.npz,CYCLOPEN[0.7]&BUTANE[0.3]|mass,0,0,0,0.01179998279405936,2000,0.0014613762980411594,0.02358634909154489,0.0022979030508179206,0.01593122231952293,0.0026752020210694476,0.2804498279317911,331,0.003597351487672984,0.016302237480715576,0.010621640536999155,0.01593122231952293,0.005160431949130992,0.04748797645351928,732,0.00013229515757757164,0.0016231407237796702,0.0009507368578829182,0.008533977263141423,0.0019564455075133194,0.045477017350675865,733,0.0029756697727702573,0.009397664423090646,0.0011260261053939705,0.003090334348144097,0.0009392764134933377,0.005630358027705919,204,0.006284588811146244,0.02358634909154489,0.0002833703071293314,0.0005406001093888335,0.053220785905736714,0.2804498279317911,47,0.020256695203303247,0.02358634909154489,0.015233159820645594,0.01593122231952293,0.19399197604284468,0.2804498279317911
CYCLOPEN_BUTANE_mass_0.75_0.25.npz,CYCLOPEN[0.75]&BUTANE[0.25]|mass,0,0,0,0.015587469713864266,2000,0.002726013669968664,0.02612921480198338,0.00264706677395111,0.02260510966948459,0.0031516875671140656,0.08246254716764898,333,0.0032730502377262436,0.01956948639417533,0.00945066613093787,0.02260510966948459,0.004626074814700176,0.04669422061704322,729,0.00013058475928573937,0.0025616975276534504,0.0007020037408801748,0.013682306449709358,0.003022264137040275,0.06979446580252868,736,0.004224995428253889,0.02612921480198338,0.0012681687240615241,0.006747552569322579,0.0013999011878698922,0.01429265210236428,202,0.0060988624890081,0.01515686266401417,0.0003090814399343247,0.00074617624181883,0.02577696663967223,0.08246254716764898,47,0.02311173973439167,0.02612921480198338,0.018500620188387974,0.02260510966948459,0.07663522973969362,0.08246254716764898
CYCLOPEN_BUTANE_mass_0.80_0.20.npz,CYCLOPEN[0.8]&BUTANE[0.2]|mass,0,0,0,0.014704095723573118,2000,0.0017829362143032756,0.03609334563526545,0.0033600797388316974,0.026119883999626836,0.0025606071099157006,0.08649996809971906,335,0.0029435424967948786,0.02273610172426288,0.010551038840545817,0.026119883999626836,0.004443111068826163,0.05333747938937729,721,0.00028203735975011545,0.003203684939194318,0.001335329415314835,0.015597005489780713,0.0025051117657846475,0.08649996809971906,742,0.004957614450652842,0.03609334563526545,0.0012579510651153246,0.008827592462694156,0.0013707293899394596,0.01932544129006739,202,0.0007363054814737783,0.01439113397930214,0.00019818907729607843,0.00033759894942875235,0.0031199356784870824,0.0647158103862231,46,0.030082585875314257,0.03609334563526545,0.02138458867019605,0.026119883999626836,0.07669709712864581,0.08649996809971906
CYCLOPEN_BUTANE_mass_0.85_0.15.npz,CYCLOPEN[0.85]&BUTANE[0.15]|mass,0,0,0,0.013217971967719677,2000,0.0017101827619171665,0.03462762490192972,0.00318964759821597,0.025710468107035922,0.002489895021481817,0.09335857316903577,340,0.0031572624185025786,0.02180677793654695,0.010702895042466075,0.025710468107035922,0.004426325904483308,0.05007026872619949,708,0.0002750601775642259,0.0034907197822917624,0.0010465841400923571,0.016032244788675598,0.0030891968731587708,0.09335857316903577,750,0.004804441001721213,0.03462762490192972,0.0013454116625098318,0.008451298092722936,0.0014606461528864636,0.01711543568309618,202,0.0009835781104004617,0.008813358305246766,0.00018433220242656037,0.00036896018772836214,0.0019185455484602553,0.06592543563974257,43,0.029242869176468934,0.03462762490192972,0.021645614313324568,0.025710468107035922,0.08183665540673257,0.09335857316903577
CYCLOPEN_BUTANE_mass_0.90_0.10.npz,CYCLOPEN[0.9]&BUTANE[0.1]|mass,0,0,0,0.00920971625095035,2000,0.001635049921744664,0.01766052185649869,0.003947239033921616,0.6431024849364348,0.003327533958875188,0.16404334260276826,346,0.003613984819492099,0.015655764990867738,0.010898451209646975,0.019743285217600715,0.004472143770746597,0.04088404790979101,696,0.0002323493017257736,0.0029669056198713406,0.0012482767472874827,0.012129655944818296,0.00459561869491032,0.08047990416846229,755,0.00397721158458694,0.01766052185649869,0.0014425442224637707,0.004566422262087144,0.0008634900332589495,0.008193090524515147,203,0.000582530130188841,0.009084549013721244,0.009279970523907643,0.6431024849364348,0.014946274503404381,0.16404334260276826,44,0.016798476404277382,0.01766052185649869,0.4341210407324276,0.6431024849364348,0.12811106407601672,0.16404334260276826
CYCLOPEN_BUTANE_mass_0.95_0.05.npz,CYCLOPEN[0.95]&BUTANE[0.05]|mass,0,0,0,0.005450277735803866,2000,0.0023769356329739802,0.03349836675846518,0.0023577131351368032,0.016273937004257277,0.0049037135602535845,0.17650678504856032,366,0.006395368897165199,0.03349836675846518,0.012415100614430278,0.016273937004257277,0.014563555469389039,0.10700631990219153,692,0.00021387656251818142,0.0007039550429226438,0.00147079047755142,0.005178878773449469,0.005033482182361986,0.02053672196361484,738,0.0029119943292909047,0.017612752866170922,0.0010241178885780733,0.0057770717091898405,0.0009302802662321006,0.005568012678927385,204,0.001067279128679388,0.006530943789016419,0.0003857228291354886,0.000833897714755949,0.04950080719284876,0.17650678504856032,45,0.022995766388851334,0.03349836675846518,0.013845018080428427,0.015550215448001836,0.1459265803841582,0.17650678504856032
CYCLOPEN_BUTANE_mass_1.00_0.00.npz,CYCLOPEN,0,0,0,0.004799451628116458,2000,0.006037068278287724,0.18256738917142457,0.016305899608153703,0.05778203256488723,0.008101978166328893,0.3236409480792338,393,0.01564531327171577,0.12140070166907435,0.03939277903068606,0.05778203256488723,0.026089184168723526,0.3236409480792338,681,0.000372613952424672,0.005021830178691289,0.004914324801438896,0.04513347324541428,0.009989109254201031,0.12138316277822607,732,0.017030249468238636,0.18256738917142457,0.0025187709762462705,0.035253395766858375,0.0011476216298006096,0.050362422241389884,194,0.0001470606958241648,0.011176389550826116,0.0003482679956442779,0.000462481570593809,0.0009243672631754622,0.12314398232615804,45,0.15565404667039062,0.18256738917142457,0.05566628523334658,0.05778203256488723,0.23542228314788094,0.3236409480792338
CYCLOPEN_R1233ZDE_mass_0.00_1.00.npz,R1233ZDE,0,0,0,0.0015605972589014527,2000,0.004480944510168,0.07144999873383995,0.0037639766074880716,0.02373283347628785,0.005769932691825961,0.21086163520946036,408,0.007907919591334031,0.06304755646681315,0.008958123172237733,0.02373283347628785,0.025085957195725265,0.21086163520946036,709,7.85602751511741e-05,0.0014855106816753505,0.0010055865123467756,0.007525325181404696,0.010279760287347018,0.11755181115646672,649,0.009296515682694914,0.07144999873383995,0.000678399418602565,0.0159372242092104,0.0020644261422413717,0.15938329766016687,234,0.0005008364662739927,0.009673219216210782,4.1691143602520186e-05,0.00015091869113348366,0.004764923397362277,0.11067165268541267,56,0.06682865548697524,0.07144999873383995,0.019934406541017344,0.02373283347628785,0.1825485495573491,0.21086163520946036
CYCLOPEN_R1233ZDE_mass_0.05_0.95.npz,CYCLOPEN[0.05]&R1233ZDE[0.95]|mass,0,0,1,0.0026323370358909415,1999,0.0022097723274657663,0.031023758177468608,0.006171521051714983,0.6502446112843927,0.010293822744699217,2.195810730119731,396,0.0029199691568493444,0.031023758177468608,0.006761836940722792,0.008332830534754976,0.0068505914799335535,0.10227810797388923,701,0.00018162044818836875,0.0006646709394999561,0.009979801681311073,0.6502446112843927,0.020918050482505734,2.195810730119731,660,0.0046782073820531775,0.02927031908666322,0.0006348225006331535,0.008102437056095368,0.0018882425584620026,0.06833264383315683,242,0.0011631448088809343,0.007585804825737341,0.006215696117903943,0.4899825274935665,0.017005679625631008,0.2993645479496307,53,0.030086012831325202,0.031023758177468608,0.24063544366716846,0.4899825274935665,0.1968795991622445,0.2993645479496307
CYCLOPEN_R1233ZDE_mass_0.10_0.90.npz,CYCLOPEN[0.1]&R1233ZDE[0.9]|mass,0,0,1,0.007357417061371052,1999,0.002918948420375499,0.04437009248357526,0.0025051913816150732,0.06165050860181509,0.005029561078496369,0.5882277243479437,391,0.004184208188871728,0.04437009248357526,0.007287737043975549,0.014302827823712505,0.009058279428584034,0.15497226456639487,700,8.98598672677053e-05,0.0009114209080394176,0.0008508297277114669,0.00743285348585232,0.0041163394296434876,0.07814811536565694,670,0.0063937566415830345,0.022443638553454548,0.0006323763775890208,0.002821193263571331,0.0019834881101742237,0.0073578953088347795,238,0.0017788286546345916,0.023161483994840637,0.0007728703620341509,0.06165050860181509,0.015741168538263885,0.5882277243479437,52,0.01832445996796709,0.023161483994840637,0.037503191404982865,0.06165050860181509,0.31453997542517276,0.5882277243479437
CYCLOPEN_R1233ZDE_mass_0.15_0.85.npz,CYCLOPEN[0.15]&R1233ZDE[0.85]|mass,0,0,0,0.009114701668579528,2000,0.002841420222216009,0.03778791453441954,0.0031574810861798117,1.2534772332244302,0.0045446371917123776,1.0452357257797926,386,0.005352571834725941,0.03778791453441954,0.005546998128386346,0.014695640210675265,0.016405830716705826,0.14092438637716936,699,4.9015326925426215e-05,0.0009017912317972332,0.0015717272232222894,0.011884860715781542,0.009876005837333527,0.050081724923639895,680,0.005034761790784066,0.016787904592320047,0.0006157538465640772,0.0026787838273776288,0.0014936915219605647,0.005713117899852455,235,0.004027442808553576,0.017431351043626364,0.07343951938047655,1.2534772332244302,0.07821594097887699,1.0452357257797926,52,0.014248533374775446,0.017431351043626364,0.6675496617113572,1.2534772332244302,0.6028559497809965,1.0452357257797926
CYCLOPEN_R1233ZDE_mass_0.20_0.80.npz,CYCLOPEN[0.2]&R1233ZDE[0.8]|mass,0,0,0,0.02043270345700421,2000,0.0037962796575482087,0.07019513187299253,0.00437677323887783,0.02339497965499504,0.00612048506985991,0.19585927690934,381,0.012616322332860343,0.05923800335415308,0.009186925666381279,0.02339497965499504,0.03412516431956827,0.19585927690934,710,8.31123636703523e-05,0.00066868298438294,0.0008313907262572634,0.005777930449312407,0.005036727739971719,0.0643243921296516,688,0.016187248523926882,0.07019513187299253,0.001051141926407126,0.01001714945459753,0.004177903430601113,0.0832636243177824,221,0.00017359041656845917,0.0002688735715992152,4.128387085984287e-05,8.357305318895669e-05,0.00048471630547710764,0.0007665500519672062,50,0.06482613889876118,0.07019513187299253,0.019377001208422354,0.02339497965499504,0.18053916817557705,0.19585927690934
CYCLOPEN_R1233ZDE_mass_0.25_0.75.npz,CYCLOPEN[0.25]&R1233ZDE[0.75]|mass,0,0,0,0.02416352027398716,2000,0.004783746919227373,0.09057125722688397,0.004980675983019864,0.02323569466943809,0.006944028097004389,0.2957191168696589,374,0.007574424415150807,0.0816273690224989,0.011306874069623465,0.02323569466943809,0.0161964114949327,0.2957191168696589,712,0.00011441828437909842,0.0012600447094541778,0.001512773711206127,0.012018479314974684,0.008818170934964661,0.08405258280878021,696,0.014215768517842717,0.09057125722688397,0.0018298282929094932,0.017345025717304452,0.004235434153817557,0.14052095650684415,218,0.0001385339543361394,0.0002039185600892779,4.802826293371253e-05,9.690121248695505e-05,0.000307529555235438,0.00047237133429035323,51,0.08609931312469143,0.09057125722688397,0.019673196094913692,0.021178199719997792,0.21812003668825153,0.2957191168696589
CYCLOPEN_R1233ZDE_mass_0.30_0.70.npz,CYCLOPEN[0.3]&R1233ZDE[0.7]|mass,0,0,0,0.02970613369319608,2000,0.004574049957324176,0.09680142821503068,0.006565656244144969,2.377843275662144,0.007954949281266352,1.2313742470778206,371,0.00881591773640481,0.0909026914426363,0.015072734597606571,0.029388091509190417,0.016189965915255063,0.3574176537382677,711,0.00021467158434802477,0.004747835729631333,0.001148824839060577,2.377843275662144,0.009291778707467472,1.2313742470778206,704,0.01196438958328043,0.09680142821503068,0.0010757851087305431,0.022060219188460906,0.0032463182407763023,0.1762069317631602,214,0.00011637166495006577,0.0001915673112193872,5.968156115841341e-05,0.00011157446851939312,0.0005033316184994937,0.0038348306022856957,46,0.044435710315153074,0.0630449600924976,1.3319749189876735,2.377843275662144,0.7007859539950277,1.2313742470778206
CYCLOPEN_R1233ZDE_mass_0.35_0.65.npz,CYCLOPEN[0.35]&R1233ZDE[0.65]|mass,0,0,0,0.030724256715132015,2000,0.004728936720425164,0.08137309745632137,0.007785340844652629,12.832874845525339,0.007824471630613393,6.744751841711662,371,0.007895556065557252,0.07378963450986475,0.01496999976633334,0.02927782820415814,0.014563828087731438,0.31172230399729306,709,0.0002407454769104274,0.002154948487884667,0.00444137331918674,12.832874845525339,0.006862909598915955,6.744751841711662,709,0.011793343336207652,0.08137309745632137,0.0012285520603836546,0.021539835857083744,0.0034952018411256096,0.16384798951506557,211,0.00021734769456998058,0.0011188495899432382,0.00012648021331642675,0.011220426650197624,0.0004128117271458032,0.0018937583376145383,45,0.05544169116082237,0.06897742075932456,0.019539886813918227,0.024775500376335913,0.059531677852145436,0.09327219185359939
CYCLOPEN_R1233ZDE_mass_0.40_0.60.npz,CYCLOPEN[0.4]&R1233ZDE[0.6]|mass,0,0,0,0.03490072716328996,2000,0.0056981063437569895,0.07370971813367078,0.008151993448154819,0.034806227465423945,0.009126646401152957,0.21760975844641303,368,0.0094665880445302,0.055367247747710735,0.023485331237150093,0.034806227465423945,0.019157907581816045,0.13697921293738147,710,0.0005283943122844843,0.007646462676518695,0.004790141454850407,0.01739742335075789,0.01807428809298597,0.21760975844641303,713,0.01108968583805107,0.07370971813367078,0.0012704480876982408,0.02001712546507406,0.0034150995123310435,0.0610743677242588,209,0.0001343639988863286,0.0001538485642527121,7.252126744788256e-05,0.00014525539779697283,0.0003556503009555122,0.0030729416532270367,45,0.03832023652735651,0.055367247747710735,0.03229745380926944,0.034806227465423945,0.08362060627858116,0.13697921293738147
CYCLOPEN_R1233ZDE_mass_0.45_0.55.npz,CYCLOPEN[0.45]&R1233ZDE[0.55]|mass,0,0,0,0.03180499373644352,2000,0.004979253636842014,0.06523479531932708,0.007930921377915182,0.10149565089795942,0.009604608195362511,0.22837287039864104,365,0.010360220811080593,0.05449879784634959,0.02390606708994711,0.034176598258682134,0.021135223646480662,0.13621639990987608,709,0.0006513428888115368,0.01290328507235472,0.004470689342360817,0.10149565089795942,0.023725338493085387,0.22837287039864104,717,0.009512615330925202,0.06523479531932708,0.0009931995895203793,0.010388078067762763,0.0025940448584555907,0.04563824600884799,209,0.0001405981787956989,0.0031787757812935524,0.0024579542537685466,0.007576277771249806,0.0012615821586695992,0.028348881888126513,47,0.037368663639421096,0.05449879784634959,0.0331063265224293,0.034176598258682134,0.08659734161987118,0.13621639990987608
CYCLOPEN_R1233ZDE_mass_0.50_0.50.npz,CYCLOPEN[0.5]&R1233ZDE[0.5]|mass,0,0,0,0.06263793092279002,2000,0.005554845988872329,0.10068485406998207,0.006321311510268965,0.05221821380519032,0.01023682783087409,0.315360536849258,366,0.028390932947408746,0.10068485406998207,0.037840845685679005,0.05221821380519032,0.06988732630483149,0.315360536849258,707,0.0003245188045968886,0.0013782668625594852,0.003096395511133729,0.012785573128667238,0.011631152713509688,0.04903199057519681,721,0.0064210153038857035,0.056805702011843096,0.0008093852691672464,0.005935158404099639,0.0019567430494495668,0.010230256034906578,206,0.0001569037953203177,0.00022420038737891446,9.259841018263159e-05,0.00018511838686663395,0.00040228741464326783,0.0006744108215850455,47,0.07280705178183774,0.10068485406998207,0.051310378970647434,0.05221821380519032,0.20976414455789721,0.315360536849258
CYCLOPEN_R1233ZDE_mass_0.55_0.45.npz,CYCLOPEN[0.55]&R1233ZDE[0.45]|mass,0,0,0,0.0013740804728854528,2000,0.009266667332963711,0.29911511471527774,0.013222609547376578,0.54456730352058,0.011549280835975414,0.9842249754401153,365,0.04673330176722462,0.29911511471527774,0.05019268375312114,0.10567185930403866,0.12157710358104695,0.9842249754401153,704,0.00018660180736731135,0.0018145604716437447,0.006954328946949374,0.54456730352058,0.012875872216729195,0.21914526845920596,729,0.021148872382941594,0.12398439957308938,0.0016401203356963404,0.015642259211972487,0.00310894104238215,0.07067664091752744,202,0.00016651463719085782,0.00017767779939958928,0.0035750730434642836,0.04761423869013015,0.0026922704203015332,0.016907187648790258,47,0.21855498574987095,0.29911511471527774,0.09351218275403878,0.10567185930403866,0.6424640922598068,0.9842249754401153
CYCLOPEN_R1233ZDE_mass_0.60_0.40.npz,CYCLOPEN[0.6]&R1233ZDE[0.4]|mass,0,0,0,0.031836859240854665,2000,0.0037289174782006267,0.060145657085797666,0.024267928725666917,4.563061716462244,0.013281855483926231,1.5487731389784938,362,0.017716046144365033,0.060145657085797666,0.025385723139820543,0.03464562242879765,0.0450808327107474,0.2111446341557713,702,0.0005436098156587835,0.0020741754584037153,0.19888343587977067,4.563061716462244,0.07845890092818415,1.5487731389784938,730,0.004379791858340244,0.0373639364102587,0.0008451490087099961,0.005732736678510264,0.001572223552627955,0.00815024558081176,206,0.0002300051477675417,0.0002741352590760471,0.0057279005154441155,0.01523173654322818,0.0024010868191907636,0.005623527482184604,44,0.04515399629075092,0.060145657085797666,0.030686387957987338,0.03334173659754924,0.143801181032528,0.2111446341557713
CYCLOPEN_R1233ZDE_mass_0.65_0.35.npz,CYCLOPEN[0.65]&R1233ZDE[0.35]|mass,0,0,0,0.02426391314764942,2000,0.003502940043419471,0.037472730683305144,0.014098844042587183,4.036539106236205,0.01105061874460486,1.166548687431604,361,0.011186616785971635,0.037472730683305144,0.018728383223537964,0.027953311439659956,0.028074425085080068,0.1043562177387998,700,0.0004565170880221099,0.0013735536697936368,0.10958855757632277,4.036539106236205,0.04666648767075539,1.166548687431604,732,0.005203455306152564,0.03552363080490295,0.0010266391141749308,0.006589135140984581,0.001412090896820385,0.008859312398445745,207,0.00023496404592151504,0.0002716461146974325,0.00022992485602230767,0.0034445570022398897,0.0006616298420072625,0.004865299126592531,43,0.023441835937159095,0.02817684238317497,0.012397045954435262,0.014616464662822182,0.07200113678895323,0.1043562177387998
CYCLOPEN_R1233ZDE_mass_0.70_0.30.npz,CYCLOPEN[0.7]&R1233ZDE[0.3]|mass,0,0,0,0.0005268520897061535,2000,0.00411220826394809,0.12013438851676028,0.015738587594858,2.7731857215630953,0.0108802011849369,0.7490161885911427,366,0.01872825750467412,0.12013438851676028,0.023531331401602726,0.04870237950308365,0.04742911691277272,0.3910182908685654,698,0.00018513763329792665,0.0037802657478209767,0.02599344567826837,2.7731857215630953,0.011023951115045538,0.7490161885911427,734,0.011979911871877087,0.06445566464788044,0.0018659324599252583,0.010599904210266686,0.0024219464802105973,0.04051130218542747,202,0.0001825074105431668,0.0005519959005368946,0.03004464290146442,0.21871379269600766,0.01424400756742979,0.07262514210220683,44,0.09619253725314197,0.12013438851676028,0.1676914446915703,0.21871379269600766,0.2604870525670466,0.3910182908685654
CYCLOPEN_R1233ZDE_mass_0.75_0.25.npz,CYCLOPEN[0.75]&R1233ZDE[0.25]|mass,0,0,0,0.015276513135404457,2000,0.0028527224176212933,0.04538072559284956,0.007911187552203953,4.631874881195472,0.005591410562143115,1.511066977624975,369,0.010748122571699196,0.04538072559284956,0.018239581371626602,0.02443604995869464,0.02429854862157359,0.1401005545645586,695,0.00032107133441627405,0.0026182810241834886,0.015271781394981117,4.631874881195472,0.009299681962301184,1.511066977624975,732,0.0037603227342321932,0.028830145097231252,0.000835705018096176,0.0065489862586218806,0.0012543872148484208,0.008662628504298582,204,0.000737503624080773,0.008541862017011681,0.0018318611958579817,0.015566559164881255,0.0009034850715573026,0.009268483488268748,44,0.03427353224109539,0.04538072559284956,0.019162028207117602,0.021353412898633906,0.09378880184726499,0.1401005545645586
CYCLOPEN_R1233ZDE_mass_0.80_0.20.npz,CYCLOPEN[0.8]&R1233ZDE[0.2]|mass,0,0,0,0.0006554716779305636,2000,0.005819748297322459,0.19886400107719737,0.012235915114549127,0.0763196448015151,0.010164119833676235,0.5990237473033526,380,0.0077589703052830545,0.19886400107719737,0.034734280663528704,0.0763196448015151,0.014529714589357303,0.5990237473033526,693,0.000400556521260574,0.0031974500872706813,0.004298634904289437,0.02664633726885768,0.016915768175374282,0.14945692493023832,733,0.024763583592334503,0.17794985752266257,0.0021994606839325355,0.030139184452536938,0.002535951482969953,0.2581466821660206,194,0.0001585517935529875,0.0002835877847928714,0.0001659135101785117,0.0003000789298965856,0.00043741400386970687,0.004687731699912043,45,0.1896617779132021,0.19886400107719737,0.07051330434286686,0.0763196448015151,0.44903783864292734,0.5990237473033526
CYCLOPEN_R1233ZDE_mass_0.85_0.15.npz,CYCLOPEN[0.85]&R1233ZDE[0.15]|mass,0,0,0,0.008959951165593338,2000,0.0023676774039540745,0.029298070347522298,0.0032424726708313754,0.03075815449096808,0.005904617769824509,0.06911253541014205,371,0.006779118126979744,0.025121329965713812,0.01426294050964998,0.020299103056345302,0.01387031924656352,0.06911253541014205,692,0.0003621226324446525,0.000884948917530437,0.0013590317341254537,0.006292030199119836,0.006779365761676386,0.028077410978282244,730,0.004032497413828665,0.029298070347522298,0.00085393824465655,0.008183433054455236,0.0010813320096836024,0.010821477278135117,207,0.0007811135469228238,0.001473068994471305,0.0031976691169575116,0.03075815449096808,0.014021576552240915,0.06773339947363087,45,0.017954360153314648,0.025121329965713812,0.023926893749994668,0.03075815449096808,0.06850571559807714,0.06911253541014205
CYCLOPEN_R1233ZDE_mass_0.90_0.10.npz,CYCLOPEN[0.9]&R1233ZDE[0.1]|mass,0,0,0,0.0003739894513614672,2000,0.006187739436955432,0.18105753511463263,0.0260575776562183,3.932789689069068,0.01045280057247285,1.0780318234270765,384,0.0184058370281314,0.15450864582192025,0.040185557409392954,0.06532948635390312,0.02922132030428716,0.43399363712085925,689,0.00031620853833601455,0.002575496627571283,0.02935682121045842,3.932789689069068,0.013546846232659816,0.8604145902810485,733,0.023562166077117523,0.18105753511463263,0.0023005509426729915,0.04696914568194188,0.0020612517720960703,0.45219314233269586,194,0.00014456970728133432,0.004339401960749001,0.004071595841903421,2.9023274425574073,0.0021272506891207754,1.0780318234270765,45,0.16937602382583924,0.18105753511463263,1.654048341827872,2.9023274425574073,0.8026628037455504,1.0780318234270765
CYCLOPEN_R1233ZDE_mass_0.95_0.05.npz,CYCLOPEN[0.95]&R1233ZDE[0.05]|mass,0,0,0,0.004385009686245667,2000,0.003295727874650538,0.05982283862402937,0.003373758524989008,0.2580557449959997,0.0037037444918901806,0.3055413458707151,380,0.0058235902981635,0.028104058060591797,0.015098043118543921,0.0187022878916423,0.011451317837471406,0.07244330536937192,685,0.00018979397574412163,0.0008137236411016602,0.0016839257509582235,0.005367650769812826,0.0036707313679129297,0.02815289602716079,731,0.003830440748015463,0.025040896671725932,0.0013397802029658404,0.00791395876808565,0.0013668212558643573,0.010314641464692284,204,0.0004907183696309401,0.05982283862402937,0.009689324043358732,0.2580557449959997,0.04292325136877917,0.3055413458707151,45,0.04586657517611691,0.05982283862402937,0.18686547865626418,0.2580557449959997,0.20507609091357687,0.3055413458707151
CYCLOPEN_R1233ZDE_mass_1.00_0.00.npz,CYCLOPEN,0,0,0,0.004799451628116458,2000,0.006037068278287724,0.18256738917142457,0.016305899608153703,0.05778203256488723,0.008101978166328893,0.3236409480792338,393,0.01564531327171577,0.12140070166907435,0.03939277903068606,0.05778203256488723,0.026089184168723526,0.3236409480792338,681,0.000372613952424672,0.005021830178691289,0.004914324801438896,0.04513347324541428,0.009989109254201031,0.12138316277822607,732,0.017030249468238636,0.18256738917142457,0.0025187709762462705,0.035253395766858375,0.0011476216298006096,0.050362422241389884,194,0.0001470606958241648,0.011176389550826116,0.0003482679956442779,0.000462481570593809,0.0009243672631754622,0.12314398232615804,45,0.15565404667039062,0.18256738917142457,0.05566628523334658,0.05778203256488723,0.23542228314788094,0.3236409480792338
CYCLOPEN_R1336MZZZ_mass_0.00_1.00.npz,R1336MZZZ,0,0,0,0.0021288950792950345,2000,0.0035001642241616077,0.09627776394671628,0.004404198910708599,0.015971575110825142,0.006403134596380504,0.2625312364531553,424,0.004370873086510281,0.06429676232249903,0.007627055996551893,0.015844977741380717,0.009271207074052164,0.2625312364531553,632,0.00022198530725346845,0.0022481597180785684,0.000728557249087763,0.014373227033729563,0.011888315581200062,0.1445920161791544,733,0.008511130942667821,0.09627776394671628,0.0007041757618026165,0.015971575110825142,0.001445086647828746,0.13339834463128702,211,0.0001775697493314965,0.00034875757432928367,2.757528100119089e-05,5.980178309528128e-05,0.0008571984671424208,0.002144262274264172,53,0.09477584200798674,0.09627776394671628,0.01590574447871404,0.015971575110825142,0.20120284191067445,0.2625312364531553
CYCLOPEN_R1336MZZZ_mass_0.05_0.95.npz,CYCLOPEN[0.05]&R1336MZZZ[0.95]|mass,0,0,1,0.0033666756280013033,1999,0.0013366309505067854,0.07459408644325549,0.0026813626290368114,2.769903270065015,0.004811976087817446,1.6332169018576481,411,0.004629442959441041,0.016506585119032025,0.0032636226148497318,0.008466214933150695,0.014360091387598558,0.054601296922609815,624,0.00012107734209905516,0.000899309974101925,0.00320728106925116,0.37406331557781414,0.01912718432327838,0.20657793926740167,739,0.0027593030725699933,0.01940837229705039,0.00040033253768342577,0.0027072531356679974,0.0010055848694640246,0.010046477907612329,225,0.00018443885724536807,0.07459408644325549,6.916970852216756e-05,2.769903270065015,0.0006590680715611403,1.6332169018576481,49,0.048104943653076826,0.07459408644325549,1.444413483601709,2.769903270065015,0.8754814114888234,1.6332169018576481
CYCLOPEN_R1336MZZZ_mass_0.10_0.90.npz,CYCLOPEN[0.1]&R1336MZZZ[0.9]|mass,0,0,1,0.007916456773386926,1999,0.0022096526313373404,0.16420635878716894,0.0028869313905579472,0.014776244126778693,0.004097000627967863,1.117763143617057,410,0.0060602522477937295,0.024816576187674855,0.005289568795155891,0.014512465470488678,0.017156316709763596,0.07570886166371216,632,8.659607457616392e-05,0.0008991338140162952,0.0027903336730855637,0.00521467444582413,0.011662454245661613,0.0592655492489467,733,0.007884673069595291,0.04772896328910292,0.0007013051615012949,0.0067115496199221525,0.0013959064527416089,0.05201619952103292,224,0.00015066127736247382,0.16420635878716894,6.325411226384892e-05,0.014776244126778693,0.0005132184682516553,1.117763143617057,50,0.10713243499311637,0.16420635878716894,0.011227401075145721,0.014776244126778693,0.6071565454599159,1.117763143617057
CYCLOPEN_R1336MZZZ_mass_0.15_0.85.npz,CYCLOPEN[0.15]&R1336MZZZ[0.85]|mass,0,0,0,0.012255240249714916,2000,0.003703378876044206,0.09012124738745797,0.0039822256693219015,0.021547218666682966,0.005662433881897188,0.31751498376452875,415,0.006621973311762305,0.054988428326339545,0.007940006368571636,0.021547218666682966,0.018720333285513407,0.31751498376452875,635,0.00016676636371925908,0.001094453382734173,0.002223684294954177,0.004911696264798593,0.009939339344525707,0.06777152546952599,731,0.01319415000353993,0.09012124738745797,0.0010953269704714536,0.015110716472463537,0.0016396593850355218,0.17977863286700002,219,0.00017072761879830968,0.00021240891641127746,4.2784006298006715e-05,8.792187952622044e-05,0.0006285309333850075,0.0011886500370072155,47,0.055032344609255684,0.055069754776184254,0.013373651151769078,0.015110716472463537,0.25415626235166544,0.31751498376452875
CYCLOPEN_R1336MZZZ_mass_0.20_0.80.npz,CYCLOPEN[0.2]&R1336MZZZ[0.8]|mass,0,0,0,0.02048145765445497,2000,0.0050666030748374126,0.11281226825764179,0.004777963805537408,0.025406299763290008,0.008750725174694622,0.4631239302176674,412,0.018364214584550346,0.08877875196407103,0.012321231136083922,0.025406299763290008,0.0848036036043007,0.4631239302176674,642,0.00010442130450144308,0.0029039349622053123,0.0010484614358074408,0.02062984583585603,0.009886924884926457,0.08356730913485623,728,0.014742689922241639,0.11281226825764179,0.0013367492594943582,0.020488049017330923,0.002067920510173597,0.1580030832668775,218,0.00014971250550104243,0.00019341172139775153,4.826156692956828e-05,9.733207355111517e-05,0.000525555106825266,0.0007761985020711873,47,0.022006573580568983,0.03690540872673864,0.013543419951311073,0.017626760414714226,0.031793159225039266,0.03875177336472946
CYCLOPEN_R1336MZZZ_mass_0.25_0.75.npz,CYCLOPEN[0.25]&R1336MZZZ[0.75]|mass,0,0,0,0.01708801932068127,2000,0.0047988605705523895,0.09227197638415419,0.005244743618291068,0.02513308897960087,0.00806403226809011,0.43171053219523503,405,0.010978573455629298,0.08676127017940871,0.0126192437529698,0.02513308897960087,0.03679351646655831,0.43171053219523503,651,0.0001015106725503756,0.0032247975446466626,0.0013077515700388176,0.01597924037946541,0.01138472518689742,0.07078251005653874,726,0.01353715836322067,0.09227197638415419,0.0013012735368533868,0.021901508998553254,0.0021979175931743497,0.18577809611108978,218,0.00014754533091945616,0.00018980797847234498,5.4246305161314e-05,0.00010761612134047027,0.0006292847621883442,0.0008115645208872191,45,0.029128111680631813,0.047500041620992306,0.002761879424879236,0.004784514379025495,0.006148500362137155,0.009409122830424303
CYCLOPEN_R1336MZZZ_mass_0.30_0.70.npz,CYCLOPEN[0.3]&R1336MZZZ[0.7]|mass,0,0,0,0.030838837892758875,2000,0.00899120957979845,0.11620017779318914,0.008338134147818435,0.03275259522069973,0.011615342575810773,1.315081158102152,409,0.03161951114426093,0.11424418265733038,0.02242560344933744,0.03275259522069973,0.08512303943209114,0.5690366905034233,653,0.0012936118418042542,0.03967766758592006,0.001484457461729111,0.02217699594621081,0.032907907025130634,1.315081158102152,727,0.012202406246034352,0.11620017779318914,0.0018659280937617971,0.02800120530446293,0.0020026545977567672,0.2603465912878517,211,0.00014910224459754323,0.0002365410629181497,6.764747480474402e-05,0.00011871163644627813,0.0006897887420121373,0.0011202001950915916,46,0.016139927050375008,0.02073420640937229,0.01616774426740899,0.02361393707883508,0.02741539132373362,0.04820199839963882
CYCLOPEN_R1336MZZZ_mass_0.35_0.65.npz,CYCLOPEN[0.35]&R1336MZZZ[0.65]|mass,0,0,0,0.0316986338570473,2000,0.006713692933166726,0.13898807070233943,0.011117125917510289,0.16060121429609353,0.013375981892920974,0.2612485448168686,405,0.008940083835898314,0.07737502664264184,0.021205745096212907,0.04019642369939902,0.013320403091805964,0.2312046889835451,660,0.00045351804923597703,0.0044599356263006484,0.0074086309422454555,0.16060121429609353,0.027704922928906077,0.2612485448168686,724,0.014043665422250856,0.13898807070233943,0.0019464910470537676,0.015315147598812473,0.002354766552307943,0.03486126999255035,211,0.00020028893148378305,0.00023298631418811055,6.77258157452343e-05,0.0001306768025983729,0.0005662835030970546,0.0009826820964571774,47,0.030013052949855127,0.03521591059711682,0.03353520368742009,0.04019642369939902,0.04836017984215517,0.08079489053035065
CYCLOPEN_R1336MZZZ_mass_0.40_0.60.npz,CYCLOPEN[0.4]&R1336MZZZ[0.6]|mass,0,0,0,0.02776023346848433,2000,0.006143791553373599,0.1282314668223421,0.00989842761652539,0.04037518401037232,0.013744920323322226,0.19359234387585691,405,0.008264353034630847,0.06171610214795464,0.024974657770017027,0.04037518401037232,0.014944275561570155,0.18288724021684202,661,0.00080680833609675,0.0033094135488340726,0.005528278786050546,0.020032313965884896,0.02493007805921606,0.19359234387585691,725,0.013739810091485633,0.1282314668223421,0.0018694635560495946,0.0166227869613067,0.0022386454048629063,0.04066500844938362,209,0.00024187963381336848,0.0003551995236534822,8.92450899573303e-05,0.00014353207694739467,0.0008703657197209531,0.0014119476515757582,47,0.01840174838240044,0.027019142317215028,0.028124787809970256,0.029925893027211714,0.00923915672669534,0.011399997091045989
CYCLOPEN_R1336MZZZ_mass_0.45_0.55.npz,CYCLOPEN[0.45]&R1336MZZZ[0.55]|mass,0,0,0,0.02380707833992801,2000,0.00738867856529452,0.11448561073416386,0.008773137750547442,0.038792144931449,0.01553872035426604,0.8405925208975158,398,0.008594916881876268,0.048669285334426604,0.02332705493796073,0.038792144931449,0.015795976480808552,0.14293823459876245,667,0.0019517105019395088,0.021987306464268386,0.005968420363547022,0.01645896071977404,0.04525915901520723,0.8405925208975158,726,0.013333199979484789,0.11448561073416386,0.001718008034970353,0.01710299724845754,0.002035619206140825,0.042754693351106335,209,0.00011507073313396176,0.00012658013662303347,8.338729256138321e-05,0.00015746090969059878,0.00042583220111751,0.0005894989418694395,47,0.009854855173379062,0.010973287977094515,0.02980027786216851,0.03135916872383859,0.009318700765930705,0.011415916173464765
CYCLOPEN_R1336MZZZ_mass_0.50_0.50.npz,CYCLOPEN[0.5]&R1336MZZZ[0.5]|mass,0,0,0,0.0029799438687518887,2000,0.025627978419186025,1.114843421404828,0.014729829262016663,0.07527978771167909,0.023607192188292013,0.3566499278064562,395,0.011228912716943571,0.04125129982935505,0.02755502217419008,0.046587203648186915,0.02148573700860012,0.13569858543988159,669,0.0012185312348310798,0.007073065103384124,0.00809171171749784,0.07527978771167909,0.057751513598568095,0.3566499278064562,727,0.09337756111415392,1.114843421404828,0.009871909567095853,0.035853519555075763,0.01791191495008599,0.09649858651942783,209,0.0001015483951596251,0.0001564900696848781,9.18868954431673e-05,0.0001721152515870017,0.0002646964937783292,0.0006507532127654128,45,0.09871144682718787,0.16898407292075035,0.03704865816403983,0.041077847847418525,0.03070328056843367,0.047107691054695734
CYCLOPEN_R1336MZZZ_mass_0.55_0.45.npz,CYCLOPEN[0.55]&R1336MZZZ[0.45]|mass,0,0,0,0.03279442937582644,2000,0.008713092830664095,0.09504651077236304,0.006919429648906998,0.045792802341338756,0.013562410953538691,0.12214225095331288,396,0.012598162847098186,0.0387553617008507,0.02877404910670979,0.045792802341338756,0.03154751604072308,0.12214225095331288,672,0.0008071007098146667,0.0017338700618552139,0.004500512203883286,0.009881557698008692,0.018600484101046196,0.08349719872810568,725,0.011475755343085429,0.09504651077236304,0.0016102037741438833,0.01580925237954034,0.0017064323711593078,0.038706394059223145,207,0.0002979388077335442,0.0008902916175657083,0.00017068062340342736,0.00018727196427903436,0.0010108241934819633,0.002460327748617613,43,0.034458963125155125,0.040757625770766026,0.018140490890004902,0.02052724732857314,0.047124932402919865,0.06501669049593978
CYCLOPEN_R1336MZZZ_mass_0.60_0.40.npz,CYCLOPEN[0.6]&R1336MZZZ[0.4]|mass,0,0,0,0.0019782818597491314,2000,0.0012234554011018852,1.8820088113023985,0.0025350208271811424,37.92498544253499,0.003998657594077222,13.778141923265727,371,0.0007702450810597854,0.009256458276922785,0.0027539190963352667,0.0037980540189437306,0.001589019545998551,0.028273717768650383,670,0.00014808919137180952,0.0009013685231593627,0.0007058343977212174,0.003820891577333896,0.0041105630783752085,0.023769366151069792,719,0.002792112208642283,0.0093634464084289,0.0006902370101170189,0.0037106646443589852,0.0010472534524490216,0.006022334096621432,240,1.3578294833424978,1.8820088113023985,7.188782535260744,37.92498544253499,3.882674423360408,13.778141923265727,43,0.0008156572562234017,0.0011832348181997077,0.0026341748753111456,0.002780068387664869,0.004842769648906367,0.005031129137555136
CYCLOPEN_R1336MZZZ_mass_0.65_0.35.npz,CYCLOPEN[0.65]&R1336MZZZ[0.35]|mass,0,0,0,0.011943805915166195,2000,0.003420450945482681,0.06578397016363624,0.005924651860918852,4.344960111496675,0.007549224625099537,1.5294459250460524,388,0.00648583150148397,0.02257200040077123,0.017126480040184324,0.028066483551356214,0.012082270278981679,0.07313985254370732,677,0.0009103393233976932,0.0018440639638583889,0.011140075200119191,4.344960111496675,0.020788666585449415,1.5294459250460524,726,0.00858685995328301,0.06578397016363624,0.0017676834038979905,0.014851439976155234,0.0020976419306197266,0.03216168936976971,209,0.0004969537506190135,0.0032305420356237846,0.0001203532824445119,0.0002208180037399643,0.0026259987081454893,0.02638241826353223,44,0.01427891024383087,0.02261364415528533,0.004863649350922971,0.006440409673814429,0.017138916308861725,0.02638241826353223
CYCLOPEN_R1336MZZZ_mass_0.70_0.30.npz,CYCLOPEN[0.7]&R1336MZZZ[0.3]|mass,0,0,0,0.0033811364996836346,2000,0.0019077579731447256,0.023505821238188673,0.004052564226485628,1.0294504704729661,0.005132749391852339,0.41324379590061855,380,0.0015946787906966566,0.019801066551508484,0.004400453097177862,0.009732470356311751,0.002295168088748898,0.05730376772160986,679,0.0002487193692491078,0.001964115188627602,0.0010193680412226072,0.010760973726974044,0.00681507656388383,0.04365649116675959,724,0.004390810904990282,0.023505821238188673,0.0011414514037050994,0.007219458813096935,0.0013698570375654034,0.014387029805931487,217,0.0006428514231834027,0.004188692293780605,0.07600076658776762,1.0294504704729661,0.06199018085181558,0.41324379590061855,44,0.003223409150782573,0.004188692293780605,0.9122165694634555,1.0294504704729661,0.3877919964208102,0.41324379590061855
CYCLOPEN_R1336MZZZ_mass_0.75_0.25.npz,CYCLOPEN[0.75]&R1336MZZZ[0.25]|mass,0,0,0,0.006485430898692357,2000,0.0029799458931654478,0.051110886620506335,0.00487248021092796,32.0369910335196,0.008223478966239647,14.916421819051404,383,0.004490186782403501,0.017128414605679154,0.012671797714049275,0.021245433198373576,0.008310968186172657,0.05484363974709279,681,0.0007019216826051953,0.0017359133749437206,0.0027232285086484466,0.006110593976700329,0.011775226537045137,0.035991861331121415,727,0.006911917318094545,0.051110886620506335,0.0017014917472170112,0.013948363948884435,0.001965328653686335,0.026229874139156218,209,0.0016465025306069874,0.010209646056580368,0.08476686327834532,32.0369910335196,0.02500983583712411,14.916421819051404,45,0.013074131774503724,0.015324799124300625,18.859036062527487,32.0369910335196,8.779010135503498,14.916421819051404
CYCLOPEN_R1336MZZZ_mass_0.80_0.20.npz,CYCLOPEN[0.8]&R1336MZZZ[0.2]|mass,0,0,0,0.007286829327711075,2000,0.0041995841151680185,0.04113041768454195,0.005957230337396591,2.2738942358532768,0.006771599270494612,0.5896254764499963,385,0.00808029223220727,0.02292899085244926,0.01625161240279339,0.023654629017983098,0.01668554413896229,0.05998343487402565,680,0.00039507107397639634,0.0011043399693448919,0.004509558975194082,2.2738942358532768,0.008965024785316649,0.5896254764499963,728,0.005580862469111037,0.04113041768454195,0.001240015630976364,0.011143051612407362,0.0013980848931695099,0.019687057214545445,207,0.0005560440828287482,0.010140950254594827,0.01122835083538118,0.06537644800164344,0.0029267362411997317,0.07687498828518587,43,0.017558013801350376,0.02292899085244926,0.05118062435950827,0.06537644800164344,0.06978053585249855,0.07687498828518587
CYCLOPEN_R1336MZZZ_mass_0.85_0.15.npz,CYCLOPEN[0.85]&R1336MZZZ[0.15]|mass,0,0,0,0.005761658177050322,2000,0.003696643824391684,0.035445727319540765,0.00345082630524018,0.2099235168668656,0.005602420322716795,0.32391638724156496,386,0.008611609660866283,0.025478785662812697,0.015595672693672166,0.021999245296456138,0.017608312564432366,0.0660120360176833,679,0.00028516140614897283,0.0008999710165653596,0.0018947652305087153,0.005969200739400549,0.0042876833652578964,0.017614299706874066,729,0.0049717384574478355,0.035445727319540765,0.0011809141619414801,0.010176335381629542,0.0012477756319470134,0.01664590602094838,206,0.0028902088195252138,0.028039140896567005,0.057740639593623,0.2099235168668656,0.034026161029107216,0.32391638724156496,45,0.026912584593715115,0.028039140896567005,0.16776902242477285,0.2099235168668656,0.23542890411613415,0.32391638724156496
CYCLOPEN_R1336MZZZ_mass_0.90_0.10.npz,CYCLOPEN[0.9]&R1336MZZZ[0.1]|mass,0,0,0,0.00449126464445726,2000,0.0035422669605048866,0.04284560648096658,0.003171439334338116,0.020511520536501848,0.005578156912777168,0.28923418849135274,387,0.009070427612748514,0.027037812605385625,0.015641237703307487,0.020511520536501848,0.018186181974628245,0.06923471465873339,679,0.00018330961952756346,0.0008626739483474921,0.002036754985106204,0.00562404636411884,0.005669528829308103,0.020485978586912923,730,0.004284068601842838,0.03063949891475204,0.0009825957478415159,0.00927921005177268,0.0011164471335543323,0.01402733730769711,204,0.0008595152063423934,0.04284560648096658,0.00029923539723142756,0.0018821211670001503,0.02223843688142576,0.28923418849135274,45,0.035890177175711,0.04284560648096658,0.016817145685881777,0.018049049286673835,0.19243442000500072,0.28923418849135274
CYCLOPEN_R1336MZZZ_mass_0.95_0.05.npz,CYCLOPEN[0.95]&R1336MZZZ[0.05]|mass,0,0,0,0.0011884684194569672,2000,0.0012499088649133225,0.025236527018250854,0.002700075353377541,0.04547965786514396,0.0033683550784562315,0.19717863842887762,375,0.0009565750225067391,0.016307985795606328,0.002866354795161209,0.006566791168779673,0.0016794764759495524,0.04805083837292459,679,0.00022749158272176875,0.0012725218483069511,0.0029718789730964258,0.017349927590885272,0.004123482158440376,0.018269986298544923,728,0.0025237479607773186,0.012506888732559673,0.0009751032330541459,0.004777190763661565,0.0007450456716642894,0.004259852195683432,218,0.0016118102273730915,0.025236527018250854,0.013134939820840644,0.04547965786514396,0.038064280882769565,0.19717863842887762,45,0.017384715783102862,0.025236527018250854,0.03404755531178131,0.04547965786514396,0.17056084717201614,0.19717863842887762
CYCLOPEN_R1336MZZZ_mass_1.00_0.00.npz,CYCLOPEN,0,0,0,0.004799451628116458,2000,0.006037068278287724,0.18256738917142457,0.016305899608153703,0.05778203256488723,0.008101978166328893,0.3236409480792338,393,0.01564531327171577,0.12140070166907435,0.03939277903068606,0.05778203256488723,0.026089184168723526,0.3236409480792338,681,0.000372613952424672,0.005021830178691289,0.004914324801438896,0.04513347324541428,0.009989109254201031,0.12138316277822607,732,0.017030249468238636,0.18256738917142457,0.0025187709762462705,0.035253395766858375,0.0011476216298006096,0.050362422241389884,194,0.0001470606958241648,0.011176389550826116,0.0003482679956442779,0.000462481570593809,0.0009243672631754622,0.12314398232615804,45,0.15565404667039062,0.18256738917142457,0.05566628523334658,0.05778203256488723,0.23542228314788094,0.3236409480792338
Isopentane_Isobutane_mass_0.00_1.00.npz,Isobutane,0,0,0,0.0009549333950644723,2000,0.0037284229290810303,0.05070417615581846,0.005670033894823518,0.020909040006699797,0.00410462675277106,0.671735467208903,380,0.005124180374293051,0.03464460404308056,0.008802071072714161,0.020909040006699797,0.012908218254761109,0.11265242830478064,646,6.34565351617755e-05,0.0007809597468622087,0.0013472582147869598,0.01629868329882811,0.0037362329296995907,0.025101796702702742,673,0.00873957361817471,0.03812648071334479,0.00120219591715795,0.007522648316808045,0.000709305573850965,0.02031580164088029,301,0.0013257544991915893,0.05070417615581846,0.00010862587873816665,0.0010530545559959137,0.026053592155230457,0.671735467208903,84,0.040264688938565336,0.05070417615581846,0.018820376190287792,0.020909040006699797,0.20769654491848238,0.671735467208903
Isopentane_Isobutane_mass_0.05_0.95.npz,Isopentane[0.05]&Isobutane[0.95]|mass,0,0,0,0.0009066440821356991,2000,0.001106866952537188,0.6300776864331965,0.002221600514742476,5.546079708004527,0.002214635799737096,3.3899524465951125,365,0.001199326417563498,0.003937904183715091,0.003994712434996476,0.006113516478762904,0.0024879363218204666,0.0113590467849773,657,4.029592133065218e-05,0.0001574217852748916,0.0019181372665297907,0.006032957913703285,0.0015580265858635887,0.008578042316008417,670,0.0015664256686727317,0.005232560576473588,0.000479672600590673,0.0023461327064069337,0.00037684115818121866,0.0041694855673672015,308,0.01726484022175328,0.6300776864331965,0.013726030618859127,5.546079708004527,0.05554423258489415,3.3899524465951125,80,0.22727935897610302,0.6300776864331965,1.5404040730623048,5.546079708004527,2.9037071928043527,3.3899524465951125
Isopentane_Isobutane_mass_0.10_0.90.npz,Isopentane[0.1]&Isobutane[0.9]|mass,0,0,1,0.0018607398654353347,1999,0.0012146716404026826,1.572390765476257,0.002607912919688715,1.139230772832434,0.001586781227061281,2.9629734375272476,362,0.0018732548478686602,0.0118315053026663,0.003838533636774147,0.006985086235090421,0.005251899761287356,0.045578835674302286,661,1.3731468834521317e-05,0.0001437069697658444,0.001022959572264858,0.005101416521938518,0.0012448004489890286,0.006520899401932383,676,0.0023500340271880304,0.010980226158551432,0.0005972233130933091,0.0031745677101753245,0.0006091035326933308,0.002461249735681975,300,0.007626665975398036,1.572390765476257,0.0033711553663442607,1.139230772832434,0.020461682561834088,2.9629734375272476,75,0.4331126973641698,1.572390765476257,0.38206981922529465,1.139230772832434,1.5771108371755915,2.9629734375272476
Isopentane_Isobutane_mass_0.15_0.85.npz,Isopentane[0.15]&Isobutane[0.85]|mass,0,0,0,0.004326992380129013,2000,0.0017085339558383327,0.19461951735212324,0.002828163822505301,0.28878637052957856,0.003068632224650064,2.2061942406675956,363,0.0019181166194164195,0.015160504314110312,0.005155703750906467,0.007295156570762629,0.004521969751069809,0.06395958462336307,667,0.0007688345475003479,0.15997116671320555,0.0032076904959785686,0.28878637052957856,0.009652822596384104,2.2061942406675956,684,0.0020810969500035855,0.01283789162391713,0.0004641874196613537,0.0026222081905871164,0.0005998282787627726,0.0017979499513682297,286,0.0006000994776172753,0.19461951735212324,0.0001313172181824024,0.0044488866597021115,0.009371246652703384,2.196548198400618,73,0.16967270489210254,0.19461951735212324,0.17065781378749326,0.28878637052957856,2.1992490902353716,2.2061942406675956
Isopentane_Isobutane_mass_0.20_0.80.npz,Isopentane[0.2]&Isobutane[0.8]|mass,0,0,0,0.0003062373572220167,2000,0.003395059430962986,0.45566130978477304,0.0043957515738998155,0.03284819013674678,0.0037192608907842387,4.779791145803061,366,0.019830374815367844,0.052077231335260876,0.02120044961152423,0.03284819013674678,0.0631979507817002,0.27570509372769325,672,3.626845123108061e-05,0.45566130978477304,0.002175984033378876,0.006877243416511192,0.004599737085307303,4.779791145803061,693,0.005955105906534764,0.0316139900090775,0.0011602612665046782,0.004282523044821573,0.0008871701510881312,0.0022200420798697143,269,0.00011802516595935187,0.0007116950253021059,4.4584783777281675e-05,8.902451349968032e-05,0.00043139023051621996,0.00905572235604263,78,0.14490156937865029,0.45566130978477304,0.02730644268593781,0.03284819013674678,1.3116448857050456,4.779791145803061
Isopentane_Isobutane_mass_0.25_0.75.npz,Isopentane[0.25]&Isobutane[0.75]|mass,0,0,0,0.00021291163670866808,2000,0.002782503829197366,0.14820858802573866,0.0032679711608989224,0.01981114847740173,0.005629658453579918,1.5977047663783468,360,0.0042963690889161795,0.026361153953814664,0.011057997601494701,0.01981114847740173,0.01177502007057803,0.11531127646914816,675,0.002649690042510427,0.14820858802573866,0.0020217564308222737,0.015075110744191988,0.02510967667169895,1.5977047663783468,696,0.003540311758635525,0.01961060723670016,0.0007023050355883067,0.0032667373266122013,0.0007787736879545902,0.0019701004535299534,269,0.00021207684197634006,0.0006736242170291007,5.8452675730222816e-05,9.383074893776211e-05,0.0009351055549782573,0.005586226912605136,79,0.11620206670516035,0.14820858802573866,0.016631818983973968,0.01981114847740173,1.3091440563526753,1.5977047663783468
Isopentane_Isobutane_mass_0.30_0.70.npz,Isopentane[0.3]&Isobutane[0.7]|mass,0,0,0,0.01778192653023325,2000,0.0019130669238541019,0.4143034851462062,0.0030257632367852194,0.3681684205273541,0.002039090606583376,3.6180586001253374,360,0.0038658961061816127,0.05272522791130996,0.01667643918797696,0.0287674288706512,0.009777345734983948,0.24590994204357952,679,1.2401936209016717e-05,0.4143034851462062,0.0017554697638024746,0.3681684205273541,0.0016099533916840783,3.6180586001253374,699,0.003080634862104714,0.03367907194495956,0.0005439722394112297,0.005049871836035891,0.0007627214570351271,0.0026558086264280296,262,0.0001750030205857899,0.00048550053713825037,7.783292711678746e-05,0.0003586610407637636,0.0017649286801132463,0.05675911375081225,76,0.14311979222003401,0.4143034851462062,0.11361767678482693,0.3681684205273541,1.088947106564019,3.6180586001253374
Isopentane_Isobutane_mass_0.35_0.65.npz,Isopentane[0.35]&Isobutane[0.65]|mass,0,0,0,0.00032207187894073286,2000,0.002397439907184661,0.04691643819063529,0.0039825925530590205,0.041281376623373944,0.0029610318887533307,0.23422266988055232,360,0.006187672337778756,0.04691643819063529,0.020107283049283123,0.02684788727515297,0.015359551132965749,0.23422266988055232,677,2.219268796807251e-05,0.0004986265206525786,0.0007322223702885842,0.041281376623373944,0.0021346757886162126,0.09507964107569669,707,0.003544717535718262,0.030383147055601967,0.000710013615962449,0.005044777160946978,0.0008515553755255648,0.0027010393939831076,256,0.0013344149051760937,0.004016654622205351,9.698426552802164e-05,0.0004768211595091998,0.01000192982970238,0.10218299554160776,73,0.035012468573411316,0.04691643819063529,0.03088926429265486,0.041281376623373944,0.13915410435651238,0.23422266988055232
Isopentane_Isobutane_mass_0.40_0.60.npz,Isopentane[0.4]&Isobutane[0.6]|mass,0,0,0,0.000515645267569198,2000,0.005575193948138803,0.0575973527924134,0.006919680883139548,0.06941534610632516,0.00639113177344597,0.26029207671237303,362,0.013163730145856757,0.05481738584097684,0.03288988704654223,0.046364201759161006,0.032772735206099066,0.26029207671237303,678,2.414641378891282e-05,0.0026411865703153126,0.0015579525959856266,0.06941534610632516,0.0044887586501395575,0.15636994375829982,712,0.009064981150643801,0.0575973527924134,0.0016217251156513148,0.021056122769095964,0.0016557687724369202,0.12041892610744813,248,0.0001895225331486472,0.004592733400784255,9.621913833370855e-05,0.012389453060677624,0.0030295649094418094,0.026133647992625977,72,0.05562357625689346,0.0575973527924134,0.05304903361983875,0.06941534610632516,0.18650736231498172,0.26029207671237303
Isopentane_Isobutane_mass_0.45_0.55.npz,Isopentane[0.45]&Isobutane[0.55]|mass,0,0,0,2.413879765100944,2000,0.004697859068480168,0.0415364962706235,0.006001769269631717,0.03241247937580738,0.00983723836518824,0.2950247164119151,360,0.008871227519517829,0.03610495361442645,0.023056480901618756,0.03241247937580738,0.022385183172044514,0.18943379002135016,675,0.0016708156873005383,0.01207555903266666,0.000977269314339537,0.024272445292581324,0.012676528588375036,0.1842574908582312,717,0.006821361099805479,0.0415364962706235,0.001326616168034892,0.017448861573484464,0.001447410265560776,0.09753260345334697,248,0.0002027692795758185,0.016301606700437787,7.381792684100221e-05,0.00011439840801585888,0.0010573768771966294,0.2950247164119151,70,0.03836942606605022,0.0415364962706235,0.031771366042860336,0.03241247937580738,0.22216697720242554,0.2950247164119151
Isopentane_Isobutane_mass_0.50_0.50.npz,Isopentane[0.5]&Isobutane[0.5]|mass,0,0,0,0.00039140908552326437,2000,0.004055843605164565,0.15691705458402794,0.004795778531333766,0.03221907856573125,0.005573564529189318,3.0809659684166757,357,0.0073007183596109715,0.04961926614942058,0.023866187169505792,0.03221907856573125,0.016392689307858768,0.2642644777594432,676,3.622985590823191e-05,0.11581039620796219,0.001267839334218479,0.021687769205300356,0.006066101273329927,0.31864297388254004,722,0.006290802197261187,0.039596748637734436,0.0013348414618826567,0.009035915907816161,0.0013246391445590868,0.029216406989535856,245,0.0003712885165828086,0.15691705458402794,9.891349087865824e-05,0.011093930596416612,0.0018906083734368177,3.0809659684166757,65,0.13060879322334584,0.15691705458402794,0.030913079455685874,0.03221907856573125,1.3130792519148273,3.0809659684166757
Isopentane_Isobutane_mass_0.55_0.45.npz,Isopentane[0.55]&Isobutane[0.45]|mass,0,0,0,0.0255401977819929,2000,0.004059655229519875,0.08007962647030809,0.004158340640990439,0.038506384410538885,0.008608512399981042,1.2080930010196678,357,0.004930089411438985,0.050427184427803695,0.024252745671055887,0.02944585954332979,0.013831927637255556,0.1802289541801598,671,0.002662911420958373,0.08007962647030809,0.0020055619469530857,0.038506384410538885,0.031604608583797746,1.2080930010196678,730,0.005282496994985891,0.053213159472534244,0.001071894159970272,0.016151227942373225,0.0011764050273357133,0.052660357687069344,242,0.0002557530786600638,0.0016899400284273725,9.886383211039641e-05,0.00014424464529838588,0.0011920730796770977,0.026781468354848105,63,0.06342241693168837,0.08007962647030809,0.032888858992869266,0.038506384410538885,0.5708172919791754,1.2080930010196678
Isopentane_Isobutane_mass_0.60_0.40.npz,Isopentane[0.6]&Isobutane[0.4]|mass,0,0,0,0.041995171206565374,2000,0.005031254910905427,0.09414490369465511,0.006515538571497922,0.04625785642429037,0.009563482780534503,1.5895220875306433,359,0.008507020716335793,0.07765814875546084,0.026876339730770298,0.04625785642429037,0.024612986232070706,0.28625713849597206,663,0.0010769625470356914,0.05668222457779848,0.003545868638848319,0.02961097881347996,0.05249252414796932,1.5895220875306433,739,0.007325984124787515,0.09414490369465511,0.0011463574373738092,0.027430396326735718,0.0010062038387826549,0.09348309025501743,239,0.00027494289085552793,0.0007072136594956646,9.950443146806287e-05,0.00013226687977407892,0.0017395584217357054,0.016213002826831645,63,0.0839231156323547,0.09414490369465511,0.04252185285560701,0.04625785642429037,0.7814978191291505,1.5895220875306433
Isopentane_Isobutane_mass_0.65_0.35.npz,Isopentane[0.65]&Isobutane[0.35]|mass,0,0,0,0.03090499089989862,2000,0.0053585254727119,0.324067843310047,0.005775820565402218,0.03874748260295746,0.007459423576760011,4.856048451570468,358,0.00641456281003401,0.06076080816757212,0.020617467770327958,0.03874748260295746,0.01886782349668733,0.2268017889427383,659,0.0015024758848130567,0.324067843310047,0.00267439190602537,0.031048618279328366,0.05321530123544556,4.856048451570468,744,0.006065115321580379,0.0766876849786513,0.001067482498733636,0.025169330403514323,0.0011702350984267962,0.08353524325366865,239,0.00031226331881043743,0.0028775016542113008,0.00011581046503806656,0.00013871796102193912,0.0021403532494093896,0.03989348038774722,62,0.17316594672789576,0.324067843310047,0.034685590178546596,0.03874748260295746,2.089270753007651,4.856048451570468
Isopentane_Isobutane_mass_0.70_0.30.npz,Isopentane[0.7]&Isobutane[0.3]|mass,0,0,0,0.019755317257022398,2000,0.004118420719443631,0.12839780699181347,0.0046586698472776775,0.026175907742299387,0.009159572127615844,2.760152231247244,363,0.004587656334249458,0.0434853820181047,0.015850289482655166,0.026175907742299387,0.01269755364573886,0.16347914757541868,650,0.002683736887990446,0.12839780699181347,0.002059719364999626,0.018965827064675977,0.08503033404551187,2.760152231247244,748,0.004573511094922651,0.056768409736946523,0.0010868151028853286,0.021194477779317822,0.0009980031852079275,0.06685111411521631,239,0.000417300576325488,0.004046151187026226,0.00010933137898717884,0.00025918006946312744,0.005614395556468708,0.061385141944968344,57,0.08828534452908782,0.12839780699181347,0.024937481118276986,0.026175907742299387,1.511836011047563,2.760152231247244
Isopentane_Isobutane_mass_0.75_0.25.npz,Isopentane[0.75]&Isobutane[0.25]|mass,0,0,0,0.00030020356751947475,2000,0.004322425383362541,0.10841888567648539,0.004137389708287163,0.027238459424097528,0.0072409224286696765,2.3621717886435643,367,0.003705826117583196,0.039491030820215656,0.012873057680858422,0.027238459424097528,0.010219440822090588,0.14933216323686468,642,0.0025414030516236843,0.10841888567648539,0.002081119403665111,0.01790858910294446,0.05550446665129255,2.3621717886435643,754,0.004930668832528821,0.055074577276911896,0.0010842332229981403,0.02140408421223583,0.0009695006256250229,0.06617762050362981,237,0.0004026859030750484,0.0047920855292318265,7.692724292780887e-05,0.00015242687231808993,0.0029180167421692183,0.07213968316918684,56,0.07907951605672012,0.10841888567648539,0.02402955305757361,0.027238459424097528,1.3174319230496372,2.3621717886435643
Isopentane_Isobutane_mass_0.80_0.20.npz,Isopentane[0.8]&Isobutane[0.2]|mass,0,0,0,0.00037359608108999964,2000,0.004452569173539016,0.057249956894622755,0.0055039605823401375,0.033585809649821385,0.004268186117320116,1.1185899774413053,372,0.00696370593167627,0.03655917943115128,0.015350985451721134,0.033585809649821385,0.023538532090616182,0.13883675041169646,636,0.0015731462357820112,0.040573102781422676,0.0025756584819077617,0.010851001047285536,0.043641025176935744,1.1185899774413053,758,0.004571240197082588,0.057249956894622755,0.0008515421451011204,0.02157578666151494,0.0003907895283416932,0.06729851912588486,234,0.00045988499940050954,0.005162405619273613,0.0001301860571834368,0.00015967747582124048,0.0008611344964893276,0.0348530701905136,55,0.048244455673494724,0.057249956894622755,0.028002281844997024,0.033585809649821385,0.6158198360987006,1.1185899774413053
Isopentane_Isobutane_mass_0.85_0.15.npz,Isopentane[0.85]&Isobutane[0.15]|mass,0,0,0,0.00032424864690483446,2000,0.004048422403026847,0.08320436004635212,0.00508565043559372,0.029326003713549653,0.004047516604294341,1.4894761269905459,377,0.0055283600622738575,0.028037391886812202,0.013175564660405155,0.029326003713549653,0.01840826485117534,0.10598283299211117,630,0.0016356088041766495,0.03446250065280765,0.0022317705655405377,0.0092167474128928,0.032743608645683785,0.9526624475048552,761,0.004473864110821069,0.04960976025523678,0.0008251246739746399,0.01920662944621654,0.0003628519213053292,0.05749120035045918,232,0.0008043875866371744,0.08320436004635212,0.00013392553049627044,0.0037928251842913596,0.003881606400409736,1.4894761269905459,53,0.06573516815497205,0.08320436004635212,0.028622983730147093,0.029326003713549653,1.210333013657985,1.4894761269905459
Isopentane_Isobutane_mass_0.90_0.10.npz,Isopentane[0.9]&Isobutane[0.1]|mass,0,0,0,0.020053342666699336,2000,0.0032562485502040718,0.07287651150778629,0.007646726727309385,0.03833818517796317,0.011636423862460747,0.6079086019320245,386,0.009382754957053383,0.03472833730432967,0.014428151733457633,0.03833818517796317,0.025807030530544884,0.10970579679544945,624,0.0008880824210649469,0.07287651150778629,0.0015172875046323478,0.010734962662581893,0.033042934952715014,0.6079086019320245,765,0.010948564392499536,0.06431020024865575,0.0015939873653223993,0.014783135522520752,0.0007470340932435709,0.043253955631150504,225,0.00022449082270441055,0.002003208388202893,0.00010265780636927934,0.00017509020719330692,0.0007906418182228866,0.012972060555251484,53,0.06842202965303838,0.07287651150778629,0.031980334548215944,0.03833818517796317,0.5854064405395301,0.6079086019320245
Isopentane_Isobutane_mass_0.95_0.05.npz,Isopentane[0.95]&Isobutane[0.05]|mass,0,0,1,0.0001773524068084953,1999,0.004053192694079819,0.15862975754401987,0.0077344569298247665,0.3790929426470484,0.006295015406389335,2.040534472219561,407,0.006930838869893703,0.05482360103309247,0.013085004287348738,0.0370837004711575,0.02138453555741452,0.26201511485189355,615,0.00014390602251864956,0.15862975754401987,0.005791084183451897,0.3790929426470484,0.011908530055724429,2.040534472219561,756,0.01122696166069979,0.08669144134472617,0.002055674151142773,0.022323118407712172,0.0007557003092271605,0.11280269404706049,221,0.0001678621669157111,0.0002734295683808341,7.990023588035911e-05,0.00016230661691452042,0.0004732774753535331,0.0011120876639595387,54,0.12050244995839413,0.15862975754401987,0.06253494699582228,0.09123528882150822,1.097919212814695,2.040534472219561
Isopentane_Isobutane_mass_1.00_0.00.npz,Isopentane,0,0,0,0.0027042822403018363,2000,0.004335101761237749,0.04708372354025414,0.007486526604689059,0.03404714589169089,0.005225344659879337,0.16151038076267174,423,0.012718260559749733,0.04708372354025414,0.011511911694402664,0.03404714589169089,0.04194491338038171,0.16151038076267174,608,0.00016180755696609592,0.0024044732662673596,0.001967352211070181,0.020513622318730995,0.012233345239992355,0.10715123309727231,749,0.00768765871811633,0.04302008637290555,0.00236083550274996,0.03404346274191994,0.0005948181189854673,0.08491958592576841,220,0.0002582414324882621,0.0009412560349915111,7.558419509052783e-05,0.00014602503836158576,0.001070573783433012,0.0031335578657727377,54,0.044929995841559385,0.04708372354025414,0.03404519382231228,0.03404714589169089,0.13270003250000997,0.16151038076267174
PENTANE_R1336MZZE_mass_0.00_1.00.npz,R1336MZZE,0,0,0,0.002594707006949193,2000,0.001867656876502786,0.048290815751101945,0.0016793731969278218,0.013655646547476863,0.01101634377318762,0.4172807176749391,486,0.0041225169058691224,0.008522017774737378,0.005908969142228632,0.013655646547476863,0.012978352616949617,0.037625137419093575,761,0.00041201093499693825,0.0025482390879005834,0.0010703504221510132,0.006169588908960577,0.009599041944651028,0.17178571859108888,490,0.002957492408223217,0.048290815751101945,0.00047130080225315867,0.004759007268148707,0.001981919038831043,0.056025117042473,263,0.006251548602526772,0.016389437267264384,0.0004150932249285686,0.0012433219058038958,0.06526093141490005,0.4172807176749391,79,0.0332611061787645,0.048290815751101945,0.013564939561238134,0.013655646547476863,0.2646022800605417,0.4172807176749391
PENTANE_R1336MZZE_mass_0.05_0.95.npz,PENTANE[0.05]&R1336MZZE[0.95]|mass,0,0,0,0.0033222134650827684,2000,0.0012088853932948488,0.30303414200051293,0.0013054236366360783,1.479209049093697,0.0027235728890610583,3.365506607514681,454,0.0023753855771337794,0.0033727262541560776,0.0019223807482308,0.0032107496374464972,0.008455927999959444,0.011223367396604598,741,3.69839886616319e-05,0.0006499527116829995,0.0010052447682937788,0.015382172122826887,0.0013003624977456943,0.014940053221399376,549,0.002747835557286164,0.01048727228635471,0.000352192099535385,0.0013053919381036394,0.0009048605279919255,0.005073138524922974,256,0.011264648693236016,0.30303414200051293,0.12270242702838788,1.479209049093697,0.15889033492029922,3.365506607514681,72,0.12536428905350916,0.30303414200051293,0.5963797995060472,1.479209049093697,2.670333598068961,3.365506607514681
PENTANE_R1336MZZE_mass_0.10_0.90.npz,PENTANE[0.1]&R1336MZZE[0.9]|mass,0,0,0,0.003821898368926213,2000,0.0009188474908722802,0.013100846738439031,0.001316882401872589,0.109704724520725,0.002294161308621498,0.4770736897608985,426,0.0008219168659024945,0.005614231322283558,0.002116696374798721,0.0030084528048064385,0.0025099341503818065,0.01956716488257911,732,9.156212275058617e-05,0.0006835196276142597,0.0007770581251293106,0.007920227914837596,0.0016342177840415536,0.019337618681272713,597,0.003576184004286853,0.011957352643378272,0.0003787292772449221,0.0017501521506346762,0.001279162653717705,0.005579127737834781,245,0.0034445048370548687,0.013100846738439031,0.005209066365505357,0.109704724520725,0.09699441994904187,0.4770736897608985,64,0.01238044545855075,0.013100846738439031,0.05905266630561053,0.109704724520725,0.43147069855545833,0.4770736897608985
PENTANE_R1336MZZE_mass_0.15_0.85.npz,PENTANE[0.15]&R1336MZZE[0.85]|mass,0,0,0,0.005973151274247357,2000,0.001974631427703456,0.12265150992612917,0.00104980123835503,0.06831094716881125,0.002740413466732693,0.9598279729692969,407,0.0018977767540422972,0.012811673144369706,0.002071120161663202,0.0046042461926845135,0.007667641703358146,0.054108906857082355,709,4.8019813318659845e-05,0.0008532290160019329,0.000804733684617522,0.06831094716881125,0.0016718178444665467,0.04371470238129228,647,0.003691719547093725,0.009365593898621682,0.00045947797929784065,0.0019847511971420317,0.0013821178677025023,0.008524014157167503,237,0.038450001479663695,0.12265150992612917,0.002758830450993589,0.007299573745967791,0.8403826895903037,0.9598279729692969,62,0.09666767461920758,0.12265150992612917,0.031094009380876777,0.06831094716881125,0.9517902121367063,0.9598279729692969
PENTANE_R1336MZZE_mass_0.20_0.80.npz,PENTANE[0.2]&R1336MZZE[0.8]|mass,0,0,0,0.00539867483217904,2000,0.0012922679293063764,0.9324144578101254,0.00120714219468482,0.043494842833752045,0.0027118367786854,10.408777401817602,397,0.0011177433926741526,0.01166603290397461,0.0015228154061060247,0.004425804557058655,0.004185397824685864,0.04849998810124105,683,0.00019378775057361935,0.0007450124647334633,0.0014965229486506356,0.03114761991787418,0.0053885939193917915,0.016555276199785137,686,0.0016270250211476813,0.006241576122420156,0.0002741421266250654,0.0013237797561487241,0.0005535888589231754,0.002559240299628731,234,0.06709070313988105,0.9324144578101254,0.010724045557342202,0.043494842833752045,1.010587342006738,10.408777401817602,56,0.5255747659971597,0.9324144578101254,0.034745180908794325,0.043494842833752045,6.4679893740486945,10.408777401817602
PENTANE_R1336MZZE_mass_0.25_0.75.npz,PENTANE[0.25]&R1336MZZE[0.75]|mass,0,0,0,0.0062182864128317306,2000,0.0008614444122582637,0.17221034946288682,0.001254906803610538,0.012180773711179427,0.002274208455580585,1.8154838668298343,398,0.002619130623332914,0.00788455159215573,0.0018138859521377498,0.00442787489919283,0.00862631213892302,0.029931333657534576,678,7.900315321762843e-05,0.0006198382371280786,0.0012884013065809097,0.006204800261912169,0.0025199720468293122,0.018931032405876173,694,0.0016255698346174137,0.007031379333454879,0.00021257160720552197,0.001540276616879055,0.00045236930008765535,0.008477359132766264,230,0.03375766248082814,0.17221034946288682,0.0006532670078127068,0.012180773711179427,0.47987356612014587,1.8154838668298343,54,0.12187416450034153,0.17221034946288682,0.009524986937794886,0.012180773711179427,1.4687432564301341,1.8154838668298343
PENTANE_R1336MZZE_mass_0.30_0.70.npz,PENTANE[0.3]&R1336MZZE[0.7]|mass,0,0,0,0.006541136064413422,2000,0.0010986898051510245,1.0245839904599165,0.002074671616210253,3.0294480398574706,0.0033197897786097245,4.21584631572193,400,0.0009610465179883799,0.0121041735060885,0.002045637797865538,0.005625005629099178,0.003544247945510622,0.05136409967615281,674,0.00016917430758098807,0.0010980365627233368,0.0022125020650184887,0.15847370416622653,0.004769599177100965,0.03793933099514274,701,0.0017291747137164748,0.014709637443672818,0.00039836994528741343,0.003965332026609758,0.0007926510914459257,0.020416472259439808,225,0.002550672007055244,1.0245839904599165,0.030789076944683826,3.0294480398574706,0.009718552594391963,4.21584631572193,53,0.49944932689146665,1.0245839904599165,1.5867777401731387,3.0294480398574706,2.9852833735525763,4.21584631572193
PENTANE_R1336MZZE_mass_0.35_0.65.npz,PENTANE[0.35]&R1336MZZE[0.65]|mass,0,0,0,0.006181030176492186,2000,0.0010437351252608092,0.9984217685200178,0.0033646538016546402,0.14776679956355565,0.0036653560626426773,5.123308276429976,402,0.0009940353055037593,0.017329494870296003,0.0022799369733593265,0.006496470329693693,0.0029859445892344142,0.07244800813473688,671,0.0002694659701319317,0.9984217685200178,0.010065218805982512,0.14776679956355565,0.007513584501717548,5.123308276429976,707,0.0016857679437259723,0.02073998932178256,0.00040050091650754496,0.0058320219375218585,0.00061282724318922,0.027393109301486418,220,0.00040046337386513654,0.0014679870007512363,0.00015168927870490734,0.006556764371680401,0.0009321581777710871,0.019932342754197828,54,0.480250425544952,0.9984217685200178,0.03349105124053488,0.06386375770966879,2.446352334233494,5.123308276429976
PENTANE_R1336MZZE_mass_0.40_0.60.npz,PENTANE[0.4]&R1336MZZE[0.6]|mass,0,0,0,0.00795091208226495,2000,0.0011389892755562414,1.050311145942885,0.003121993244296845,0.10771790707735818,0.003307161090248069,5.116924644899465,401,0.0012154611446248964,0.021451169836495865,0.0028706926473205385,0.007205782973414898,0.0031322277626518197,0.08895232076072598,665,0.000245623763244112,1.050311145942885,0.011925491002921349,0.10771790707735818,0.010787398999104228,5.116924644899465,716,0.0035760598203239996,0.025864293048186937,0.0006649505792438567,0.0074291044459187106,0.001004837672059133,0.03150530945593581,218,0.00027365364585420985,0.00032352410488556416,0.0016907416151798274,0.022214711649439778,0.0015064892860228952,0.009746676662308829,51,0.538087719495536,1.050311145942885,0.08897039254463834,0.10771790707735818,2.602938482830096,5.116924644899465
PENTANE_R1336MZZE_mass_0.45_0.55.npz,PENTANE[0.45]&R1336MZZE[0.55]|mass,0,0,0,0.006577496564148078,2000,0.001366117189785427,1.0823192293282204,0.004054551792999063,0.07441574362178471,0.004235106394619764,5.0326767751002945,401,0.0013656212679507007,0.02498195965523564,0.00342290851335747,0.007833595298052387,0.0035593458151743267,0.10285351721078324,660,0.00020908423174716763,1.0823192293282204,0.011218139062689241,0.07441574362178471,0.00979566798441948,5.0326767751002945,721,0.0038670521420044084,0.030122059395182532,0.0006702204751491027,0.008776988034924216,0.0010189800266975587,0.033693047328189604,218,0.0002954172461181769,0.0004590767003946894,7.04875896184375e-05,0.00016170047661034914,0.0014830383446723194,0.005023943210816235,53,0.5351767009630375,1.0823192293282204,0.052261031495172444,0.07441574362178471,2.469168680997733,5.0326767751002945
PENTANE_R1336MZZE_mass_0.50_0.50.npz,PENTANE[0.5]&R1336MZZE[0.5]|mass,0,0,0,0.006577005289102544,2000,0.0015937624986338504,0.03422775146157164,0.00306333114740255,2.720341471924712,0.003239334456195002,1.0293026395059437,401,0.0013736228656284766,0.028182467394401556,0.003984211256238268,0.0084687655066773,0.00323944896854702,0.11517482324329938,651,0.0003133214405579565,0.0023397709597361427,0.004299211750179666,2.720341471924712,0.007925531320989054,1.0293026395059437,730,0.003388001368927578,0.03422775146157164,0.0007033689029003675,0.010028528209886645,0.0009477788889597492,0.034672906203331466,218,0.0012310578448096905,0.005297540383992327,0.00013717251503521757,0.00032076951629278483,0.0011777880487843183,0.04635273112595631,51,0.0312051094279866,0.03422775146157164,1.3870291446337433,2.720341471924712,0.5722387313746216,1.0293026395059437
PENTANE_R1336MZZE_mass_0.55_0.45.npz,PENTANE[0.55]&R1336MZZE[0.45]|mass,0,0,0,0.006769134878595651,2000,0.0013542477262291183,0.03138220418685478,0.0028535379576953793,0.03818914264968498,0.0035942697696245084,0.10287866881639567,402,0.0015228144466681221,0.02539630291875028,0.003733313447539789,0.008747356951062102,0.004086153170859186,0.10287866881639567,643,0.00022140451180689615,0.0019208510855719396,0.003468091336142174,0.03818914264968498,0.007185339929883857,0.033967815515942884,737,0.003746240007546907,0.03138220418685478,0.0007442300691945976,0.009596967738843887,0.0008566130763482361,0.029276471156901046,218,0.00035303889895601484,0.0004737275805268837,9.076043810182449e-05,0.0004528189963366458,0.0015077014038463404,0.0027361844284980916,52,0.028329394540121497,0.03138220418685478,0.009618853014239903,0.009641631566182696,0.07127004038672029,0.10287866881639567
PENTANE_R1336MZZE_mass_0.60_0.40.npz,PENTANE[0.6]&R1336MZZE[0.4]|mass,0,0,0,0.008585746658582138,2000,0.0016075544771416597,0.03959928732007256,0.003738414690240004,2.1914260716412173,0.00376158214286649,0.8852047503965966,403,0.001809001247826249,0.031506728648992066,0.004785664316559634,0.010297358161551529,0.003589187343213805,0.1265574910677128,635,0.00020918530577205058,0.002425611960916285,0.007633282920873969,2.1914260716412173,0.01822157597218482,0.8852047503965966,745,0.00339428643187143,0.03959928732007256,0.0007945116970222344,0.011809503223958018,0.0008757303081763834,0.03236198273537167,217,0.0003551819785343471,0.00674441100460399,0.00010777142834285776,0.004484371115040631,0.0009879359222977257,0.08851194533018257,54,0.03531023122439989,0.03959928732007256,1.0370073218791525,2.1914260716412173,0.4831217029522873,0.8852047503965966
PENTANE_R1336MZZE_mass_0.65_0.35.npz,PENTANE[0.65]&R1336MZZE[0.35]|mass,0,0,0,0.007963104814280086,2000,0.0020625992750836976,0.04720346867509306,0.006254465628516629,0.06885792035632221,0.005375813101210056,0.14807718789704277,406,0.0026887226375435992,0.03717070483264706,0.007561932033519252,0.01376462138568968,0.004964732677842972,0.14807718789704277,629,0.0004387716377164083,0.0028148879421792117,0.02192350034312995,0.06885792035632221,0.0187997908363829,0.06088823563562478,751,0.003305367797281633,0.04720346867509306,0.0007271482757005288,0.013625278619429082,0.0008051856697377495,0.0333320694161928,214,0.0005402069097073082,0.0012457442117010942,0.0001245464051179114,0.0005047759882472747,0.0017979315575475125,0.0032049266005445623,53,0.04198643147702111,0.04720346867509306,0.0636001809285062,0.06885792035632221,0.10273893272110514,0.14807718789704277
PENTANE_R1336MZZE_mass_0.70_0.30.npz,PENTANE[0.7]&R1336MZZE[0.3]|mass,0,0,0,0.008414720505641071,2000,0.001818336520850037,0.04550675125830139,0.00481451227974275,0.1738083690233907,0.003995149985249657,0.1364473040389938,404,0.0020308183618766343,0.03463458934652408,0.005701811469511994,0.012416631080213847,0.0039930698917146675,0.1364473040389938,626,0.0002692113247206862,0.0026136925158652957,0.015702352069979497,0.1738083690233907,0.007373998111130297,0.05870265490459034,753,0.003351273079483706,0.04550675125830139,0.0008156434472584831,0.01371413969468449,0.0008141998666271527,0.029271786813766063,217,0.00039913789458069016,0.00047809763009354356,0.0001221885434279102,0.017857533913684165,0.001169436967769929,0.014756194957298413,53,0.039853227064177155,0.04550675125830139,0.10212866684961185,0.1738083690233907,0.09602008648910376,0.1364473040389938
PENTANE_R1336MZZE_mass_0.75_0.25.npz,PENTANE[0.75]&R1336MZZE[0.25]|mass,0,0,0,0.004363224890653328,2000,0.0011849404767872325,0.031020248399499906,0.004058475710187394,1.3250272508324201,0.0031533574743735113,0.4934860673027372,403,0.002160382474481836,0.022656671146307872,0.004489715583895312,0.010812566523782152,0.005796031570234654,0.08863221665688703,620,0.00027807707582780725,0.003312900704088406,0.008182120099934102,1.3250272508324201,0.008998921009394555,0.4934860673027372,759,0.0018454485306392562,0.031020248399499906,0.0005791943529311503,0.010244675919921065,0.000546330792508609,0.0192856745317931,218,0.00031575001412022556,0.0012322703511813415,0.00012564543290309864,0.0218296545983776,0.001250764824712373,0.020437348807875892,53,0.026671188227840023,0.031020248399499906,0.016181668597437204,0.0218296545983776,0.06475335392847222,0.08863221665688703
PENTANE_R1336MZZE_mass_0.80_0.20.npz,PENTANE[0.8]&R1336MZZE[0.2]|mass,0,0,0,0.0037369565945368777,2000,0.001185272755448636,0.029777257724560968,0.0033293394716326905,0.07216485732624278,0.0029453481099484887,0.08123273118347374,404,0.0023331455777576737,0.020948927812128204,0.004169171846710924,0.0112156590541872,0.006278306260138921,0.08123273118347374,616,0.00023060475078864526,0.0010894893027284525,0.004570388877988315,0.02571304531943497,0.005596377419074053,0.032801184972778806,760,0.0017504522989241857,0.029777257724560968,0.0009100939719087177,0.010950139124361158,0.0006692481074934844,0.016664862467863067,220,0.0004980896640876159,0.0012400810478538915,0.0005165027362500043,0.07216485732624278,0.0012527370441383233,0.053821360467858084,52,0.025274809469220276,0.029777257724560968,0.041080766207494554,0.07216485732624278,0.06725293211850981,0.08123273118347374
PENTANE_R1336MZZE_mass_0.85_0.15.npz,PENTANE[0.85]&R1336MZZE[0.15]|mass,0,0,0,0.005029634649872605,2000,0.0020164415520565614,0.05195189126510513,0.004326302592171483,0.021032360229810365,0.004112678345403737,0.1407874283516302,404,0.0022682320927515237,0.03690532031549765,0.006952284477646339,0.015401930973666822,0.004097468997496463,0.1407874283516302,614,0.00018796142292899282,0.0021561377235457257,0.0027892851267392878,0.01659916427547614,0.0068965184359796984,0.07032342223700921,764,0.004271666254236949,0.05195189126510513,0.0012144690070704206,0.020688463079068242,0.0007831545827130001,0.07360375596384865,218,0.0003311135966617925,0.0006816213241904734,0.00014302584242471968,0.021032360229810365,0.001353563308561969,0.005732649846694059,52,0.05021172424554323,0.05195189126510513,0.020856972682931883,0.021032360229810365,0.10652375543386174,0.1407874283516302
PENTANE_R1336MZZE_mass_0.90_0.10.npz,PENTANE[0.9]&R1336MZZE[0.1]|mass,0,0,0,0.0027314992401556992,2000,0.0012180694056536366,0.03247603920539177,0.0032516483745371246,0.22277927869868108,0.0033813900656325083,0.16908903228327674,405,0.002531370488245533,0.021350340386447897,0.0048587004604996745,0.012957092684928284,0.006698019302119008,0.08085253858568323,610,0.00024945548361415273,0.0011851283788359979,0.001982500993446191,0.0055586512730769755,0.004896176928379492,0.04152847721626523,765,0.0031476494307617502,0.03247603920539177,0.0009930017614260664,0.011881279066301431,0.0005930109591334301,0.03707194702297329,220,0.000613745588232178,0.0015729310328538304,0.0037315913285306123,0.22277927869868108,0.0017757869220208797,0.16908903228327674,51,0.029464245179696036,0.03247603920539177,0.11786818569180468,0.22277927869868108,0.12497078543447998,0.16908903228327674
PENTANE_R1336MZZE_mass_0.95_0.05.npz,PENTANE[0.95]&R1336MZZE[0.05]|mass,0,0,0,0.0022530177549811015,2000,0.0013035957600288836,0.03717270445469012,0.0035253962323849894,0.10163488790317388,0.0034459767650811667,0.08886632321577963,406,0.002527104804093472,0.023764222129955215,0.0056449500603207485,0.014348078594593972,0.006553124501592195,0.08886632321577963,604,0.0002506592563236168,0.0013777019740928154,0.0030016093130746024,0.0059114977609624475,0.013246296406159415,0.06155068873840158,771,0.0030435856492429833,0.03717270445469012,0.00100974852161923,0.014105993859857335,0.0005389768666982505,0.04007215380616658,219,0.00048369671543127844,0.001303363433692084,0.003265448414463198,0.10163488790317388,0.0017119826022289014,0.07140268175982552,50,0.034711555863108846,0.03717270445469012,0.05886435134196955,0.10163488790317388,0.08030913890236208,0.08886632321577963
PENTANE_R1336MZZE_mass_1.00_0.00.npz,PENTANE,0,0,0,0.0038866776550321447,2000,0.00477391501301042,0.10822184804010249,0.013318571854447323,0.04707125396726042,0.010301072712833521,0.26655752369898417,413,0.007078333585727704,0.07184437963724122,0.028664374271347687,0.04707125396726042,0.013784780803960662,0.26655752369898417,599,0.0008019771695091962,0.0036248635959168496,0.0024232480142653244,0.034354793456031985,0.01515014838955614,0.15813739574909683,777,0.010293168043381254,0.10822184804010249,0.002073914554175645,0.037074617801181375,0.0009618077799795607,0.10606856513900016,211,0.00027945120132812985,0.0005595802344942058,8.805315780477941e-05,0.00018372284603174194,0.0005293074656787782,0.008879409488903827,50,0.10129429472591138,0.10822184804010249,0.04362439060939549,0.04707125396726042,0.21343166100353916,0.26655752369898417
R1336MZZZ_R1336MZZE_mass_0.00_1.00.npz,R1336MZZE,0,0,0,0.002594707006949193,2000,0.001867656876502786,0.048290815751101945,0.0016793731969278218,0.013655646547476863,0.01101634377318762,0.4172807176749391,486,0.0041225169058691224,0.008522017774737378,0.005908969142228632,0.013655646547476863,0.012978352616949617,0.037625137419093575,761,0.00041201093499693825,0.0025482390879005834,0.0010703504221510132,0.006169588908960577,0.009599041944651028,0.17178571859108888,490,0.002957492408223217,0.048290815751101945,0.00047130080225315867,0.004759007268148707,0.001981919038831043,0.056025117042473,263,0.006251548602526772,0.016389437267264384,0.0004150932249285686,0.0012433219058038958,0.06526093141490005,0.4172807176749391,79,0.0332611061787645,0.048290815751101945,0.013564939561238134,0.013655646547476863,0.2646022800605417,0.4172807176749391
R1336MZZZ_R1336MZZE_mass_0.05_0.95.npz,R1336MZZZ[0.05]&R1336MZZE[0.95]|mass,0,0,1,0.0016649914607569372,1999,0.0008840778935609699,0.02686138251635839,0.001763936431875662,1.2705536539385776,0.008022333615441137,1.7150479214349903,468,0.0006445750496720846,0.0036910856040890394,0.0019288295395767773,0.004009799219829802,0.0020479417293600096,0.012412964696497546,759,0.0001241115210609654,0.0009175530161655843,0.0018147596470726006,0.007794133706966022,0.008409211228284306,0.0522050761580474,500,0.001516744843397642,0.02525577879703178,0.0002725739529341806,0.004465827052172244,0.0007859214131583548,0.0374744532787669,272,0.006868723717491346,0.02686138251635839,0.007452001994320513,1.2705536539385776,0.15383761847892413,1.7150479214349903,76,0.025657179726863433,0.02686138251635839,1.0538860781010158,1.2705536539385776,1.3592774557956608,1.7150479214349903
R1336MZZZ_R1336MZZE_mass_0.10_0.90.npz,R1336MZZZ[0.1]&R1336MZZE[0.9]|mass,0,0,0,0.0021171026288016037,2000,0.0008144941904293997,0.03406190766486361,0.0015269915732415026,4.776489263671692,0.0036406756913553743,5.863467766306845,462,0.0010832069709437026,0.003656384771829835,0.0021691351095114437,0.004017541499479194,0.0034762616438488514,0.012102514192185438,751,0.00012024201828353398,0.0007308036840640852,0.0014567100103022312,0.004359070264854381,0.0019553202142803625,0.016094632280955656,517,0.002136920780130822,0.02195112730572646,0.0003878379479283436,0.003369142401879799,0.0014176897319276174,0.021284431650346016,270,0.008475637269327815,0.03406190766486361,0.0032087834203775906,4.776489263671692,0.11596441587854835,5.863467766306845,72,0.03403274075648824,0.03406190766486361,2.5771305319455893,4.776489263671692,3.364427549693853,5.863467766306845
R1336MZZZ_R1336MZZE_mass_0.15_0.85.npz,R1336MZZZ[0.15]&R1336MZZE[0.85]|mass,0,0,2,0.0027353289739266984,1998,0.0011315086255211746,0.01619401978564383,0.002214488051426996,1.3762131437456446,0.005136239215761107,0.8683149556422283,457,0.0014716024938525151,0.003921527341503861,0.0017512599185556606,0.004112546565920638,0.004894756723855825,0.013058873076634676,748,0.00011504940467716305,0.0009614950125182986,0.00721382600024292,1.3762131437456446,0.005045946882299981,0.8683149556422283,530,0.0019324820970598774,0.01619401978564383,0.00026302849350486366,0.0022507110329570423,0.0007972261547752636,0.01101913164920263,263,0.0020687710786000866,0.010300360242069928,0.00348410730287014,0.0780433192419423,0.011176103450530958,0.059874034627358595,70,0.0072379859408874935,0.010300360242069928,0.027432205305328975,0.0780433192419423,0.051713835684051745,0.059874034627358595
R1336MZZZ_R1336MZZE_mass_0.20_0.80.npz,R1336MZZZ[0.2]&R1336MZZE[0.8]|mass,0,0,1,0.0032966145565751503,1999,0.0009514926859401384,0.026154636221519922,0.0015165958477064115,0.13768093150838467,0.003317857587083101,0.22326333663314277,456,0.0013908922702739759,0.003944475428681926,0.002290545060793643,0.004362000124046972,0.004473967692399922,0.012962076860744428,740,6.815923772023805e-05,0.0009540191867927206,0.0004797519172393573,0.031384976543222365,0.0008773393839181309,0.01889565117401209,542,0.003402667902375961,0.011544545632887093,0.0003799595942291511,0.0015776130389895116,0.0011925793000248756,0.007144953304966605,261,0.0018411710292525127,0.026154636221519922,0.029368783765630256,0.13768093150838467,0.10909062102634627,0.22326333663314277,69,0.01698893944520241,0.026154636221519922,0.08271333139628895,0.13768093150838467,0.1776741458995125,0.22326333663314277
R1336MZZZ_R1336MZZE_mass_0.25_0.75.npz,R1336MZZZ[0.25]&R1336MZZE[0.75]|mass,0,0,0,0.00014328803325724948,2000,0.001808260566546096,0.19111802999401561,0.0031395922191654784,2.663982476521369,0.005935586322866458,3.969003094100461,459,0.0034336278586954627,0.03049986245287073,0.004911480942582786,0.007072016221854938,0.011536808635427349,0.15547356164846066,742,0.0001098803508142519,0.19111802999401561,0.0027668851025123516,2.663982476521369,0.0058260829165038535,3.969003094100461,552,0.011303852675831665,0.04058691544747717,0.001200074909759224,0.007035635419242681,0.0033309794093052307,0.07980105820044883,247,0.0004039713671875228,0.0014273133613755817,6.144574533209344e-05,0.00010155786458199145,0.0037834416334737277,0.02559245736838949,65,0.09477811668423092,0.19111802999401561,0.5221131080754814,1.4377417158152639,1.5283441933311785,3.969003094100461
R1336MZZZ_R1336MZZE_mass_0.30_0.70.npz,R1336MZZZ[0.3]&R1336MZZE[0.7]|mass,0,0,0,0.00018156118801471166,2000,0.002608548073395692,0.053286379151586516,0.04177900319708214,9.807443299791885,0.03800026625776873,7.836181434088756,452,0.005130451598718088,0.01140634210872804,0.005724505808586863,0.009886357993991624,0.017070661225362993,0.043368395655726664,739,9.065925572940627e-05,0.015596314488504959,0.18176879619835312,9.807443299791885,0.15220428062432517,7.836181434088756,567,0.013702596723876513,0.053286379151586516,0.000959893375406864,0.007525284010171163,0.0026815421944237105,0.06602718142196394,242,0.0007998707621544573,0.003940848642457695,0.023194502495466673,0.10390338296633672,0.041879445216897765,0.1221578113637246,62,0.039732930673934574,0.053286379151586516,9.044720106987025,9.807443299791885,7.156433031419377,7.836181434088756
R1336MZZZ_R1336MZZE_mass_0.35_0.65.npz,R1336MZZZ[0.35]&R1336MZZE[0.65]|mass,0,0,0,0.016477882371646047,2000,0.022131604540631955,0.6980435668546079,0.08960996819172558,6.280569333526955,0.14241175343608645,11.352758273169943,448,0.008910694568712641,0.026594168850976985,0.007793962073383164,0.0128758557814308,0.03528199748099372,0.08805835485400378,737,7.618552835538108e-05,0.5713474740668403,0.20513182897752624,6.280569333526955,0.0987185074423287,11.352758273169943,576,0.016085326632392594,0.05196977148887072,0.0014183038360897626,0.006063779357418753,0.003640205294972476,0.04150110182629645,239,0.17013814433809446,0.6980435668546079,0.25022941854880176,0.26383746504393457,1.9357771738409635,2.6904356339447997,61,0.25972085252005783,0.5713474740668403,4.528912841350753,6.280569333526955,7.226336058456904,11.352758273169943
R1336MZZZ_R1336MZZE_mass_0.40_0.60.npz,R1336MZZZ[0.4]&R1336MZZE[0.6]|mass,0,0,0,0.0014068647365093057,2000,0.0005339938575144742,1.0943616065285369,0.0007304869183985828,5.686316691819911,0.0016632778647816533,12.009730215317054,422,0.0006409334334603073,0.005276715767138285,0.00085389996920185,0.0014846101939838263,0.002401247819555633,0.02158406623281341,729,1.9971066581092665e-05,0.00028434164829604924,0.0002031583685857188,0.0016828153643473343,0.0008248499140365035,0.004453899884489448,577,0.0008815480732982943,0.004750646381239676,0.00016889389734387822,0.0009254483704808081,0.0004396073138171378,0.00349862083974701,272,0.19871090995736815,1.0943616065285369,0.2728950860665145,5.686316691819911,0.32428821928998786,12.009730215317054,60,1.091926016820276,1.0943616065285369,5.27069714821906,5.686316691819911,5.867599582243444,12.009730215317054
R1336MZZZ_R1336MZZE_mass_0.45_0.55.npz,R1336MZZZ[0.45]&R1336MZZE[0.55]|mass,0,0,0,0.02094395163084073,2000,0.005484386603305889,0.05163490098249213,0.005866303858651918,0.518819960684823,0.017370584658229028,2.557824481536258,441,0.010436385300749874,0.04236405220808592,0.007602929549557349,0.013693001798628757,0.034221953761909875,0.15177700082642148,728,7.225209898081191e-05,0.00147268273968848,0.027428113527191836,0.518819960684823,0.03512577369754879,0.24936855853266382,597,0.006907699817636379,0.05163490098249213,0.0007177556133592477,0.003518507626722567,0.002325591151014171,0.026888087542078283,234,0.0022158501262953077,0.03664163529589359,0.0002659253311207937,0.004992625463046352,0.01212040503321838,2.557824481536258,56,0.04653593415656874,0.05163490098249213,0.08664408034089814,0.16445763346337117,1.8287921099954603,2.557824481536258
R1336MZZZ_R1336MZZE_mass_0.50_0.50.npz,R1336MZZZ[0.5]&R1336MZZE[0.5]|mass,0,0,0,0.016613439121840656,2000,0.004447442486759314,0.08344299605249716,0.010525272490458513,31.26892345471174,0.018284760180096157,31.920464536212773,431,0.009310032426191127,0.038566092802682306,0.006285372330239604,0.011248330276657725,0.03262337080571556,0.14262359356648943,730,4.48720688348205e-05,0.0013640631370321898,0.05234233579309193,0.8052372003380697,0.02435670437122806,0.34091997052573364,605,0.004756019663723248,0.03870411835487175,0.000760713931977085,0.0032308127147189225,0.0024024090579651187,0.01818503153268076,234,0.005933966032077267,0.08344299605249716,0.06270716548203802,31.26892345471174,0.06676930462244884,31.920464536212773,54,0.05973139087275564,0.08344299605249716,15.4774552171569,31.26892345471174,16.837357349719372,31.920464536212773
R1336MZZZ_R1336MZZE_mass_0.55_0.45.npz,R1336MZZZ[0.55]&R1336MZZE[0.45]|mass,0,0,0,0.01133770814556101,2000,0.0034865818706651852,0.13540264611111752,0.001813427646491163,0.008868360292581201,0.006405256673252307,3.486315764365789,423,0.00826581891308704,0.03398474986272504,0.005070570022648978,0.008868360292581201,0.027554247752373834,0.1365507300838964,724,3.606629053194863e-05,0.0010751761296319273,0.000221399975707754,0.004269439044037426,0.0025605383911262774,0.015912621062430583,619,0.0061117309175245564,0.02491223149701227,0.0006648876776262124,0.001874963414593367,0.0025366639435623253,0.007407441775892137,234,0.00629093983832202,0.13540264611111752,0.00018129731278577086,0.0076284358585780865,0.10616306803834541,3.486315764365789,53,0.08266534006195311,0.13540264611111752,0.008387635452172615,0.008868360292581201,2.881178731954644,3.486315764365789
R1336MZZZ_R1336MZZE_mass_0.60_0.40.npz,R1336MZZZ[0.6]&R1336MZZE[0.4]|mass,0,0,0,0.018825138132001484,2000,0.00559126195249803,0.11381053464953084,0.0044835506698450425,5.2262313766209445,0.013238123598473633,8.815029454279799,425,0.013641434908333836,0.03832676656048761,0.006160850664145966,0.015084410558984018,0.04721009337243857,0.17518988410010508,715,0.00043851231308622205,0.11381053464953084,0.03929703392013394,5.2262313766209445,0.03863033085504087,8.815029454279799,637,0.0070989836275953165,0.05701868788014508,0.0007149954693886659,0.00432267917358331,0.0015088192452326272,0.01323603263126539,223,0.00029170298626468144,0.0078085773401426195,3.827032996923663e-05,5.375002251639671e-05,0.0008588703888972375,0.12712582973309008,55,0.08314293739406257,0.11381053464953084,3.753025702317466,5.2262313766209445,5.337485657042608,8.815029454279799
R1336MZZZ_R1336MZZE_mass_0.65_0.35.npz,R1336MZZZ[0.65]&R1336MZZE[0.35]|mass,0,0,0,0.012218956523895486,2000,0.0033190057150670753,0.18798588075304679,0.007326793309750867,4.099132688078498,0.012866157231515126,7.787567795424291,418,0.010990488442203036,0.031230084374499256,0.003815648961483473,0.010919601009391044,0.0365877608846216,0.16141786922119167,707,0.00012980906465258872,0.0011642963796134609,0.04524219864146692,2.976632292376962,0.02543392597385624,2.1928153051033914,650,0.0048437468808958765,0.03616792409343361,0.0003737630013984013,0.0030108953426406515,0.0011118155150476327,0.007694566405952074,225,0.0014895006421124745,0.18798588075304679,0.06636590989157333,4.099132688078498,0.04890147115413682,7.787567795424291,54,0.1304712386340127,0.18798588075304679,3.4195467046452004,4.099132688078498,4.963294722753691,7.787567795424291
R1336MZZZ_R1336MZZE_mass_0.70_0.30.npz,R1336MZZZ[0.7]&R1336MZZE[0.3]|mass,0,0,0,0.008348719577099928,2000,0.0030591565129526486,0.40878582499743743,0.0018302544161838323,34.90014238530739,0.004829776174296148,29.346327869674077,416,0.004909325113280269,0.010124077755563121,0.0030254090572611873,0.008010060266315122,0.018160176111523367,0.048988231764585645,692,6.49189324781226e-05,0.40878582499743743,0.00033336036901346463,0.016532570833760474,0.003819029684394867,3.927248099162085,667,0.004101310009755254,0.02300670347955247,0.0004731032491327018,0.0032490312034951785,0.001401396037493316,0.015052451813057132,225,0.00044101499684756867,0.12458931816775021,3.983532285928956e-05,34.90014238530739,0.001085597291658378,29.346327869674077,51,0.3985937598153271,0.40878582499743743,17.458337478070575,34.90014238530739,16.63678798441808,29.346327869674077
R1336MZZZ_R1336MZZE_mass_0.75_0.25.npz,R1336MZZZ[0.75]&R1336MZZE[0.25]|mass,0,0,1,0.014014199382643255,1999,0.004511386742443615,0.2749498194671105,0.004139348200656057,32.503159705002645,0.00856289830271631,25.84306342210232,417,0.00840578236761292,0.06461190883544532,0.00629048752248307,0.0143389984134501,0.037440545718705344,0.31626933194050544,685,0.00012439688475978974,0.2749498194671105,0.019536761437073946,32.503159705002645,0.017974631109128874,25.84306342210232,679,0.01047590369156644,0.045317814528175404,0.0009139163628970002,0.005141506629570358,0.001743036235422804,0.02574522022108722,218,0.00014681653327158956,0.00020112762376811588,0.0002663039860954068,0.0010390329721303715,0.0006484475879116053,0.0010231329571384743,51,0.1697808641512779,0.2749498194671105,20.39613906640386,32.503159705002645,19.642328722195987,25.84306342210232
R1336MZZZ_R1336MZZE_mass_0.80_0.20.npz,R1336MZZZ[0.8]&R1336MZZE[0.2]|mass,0,0,1,0.0002169169827652695,1999,0.004040084097777006,0.06467548657190036,0.003151620268508841,0.029350770846804153,0.0064252323220732495,0.1629944853504898,416,0.009161701967920568,0.041232589104936324,0.006698753756961676,0.014373796311474507,0.03760919674382308,0.14938328770734663,669,0.00011717427623580097,0.0024888290396347656,0.0009801999658611772,0.029350770846804153,0.007473998438469347,0.02751210260992687,696,0.009745444261457683,0.06467548657190036,0.0008555926521580437,0.013777840661532537,0.0019763035141633005,0.1629944853504898,218,9.605723019035388e-05,0.0002240315329800069,1.8286266704308216e-05,3.756722423986503e-05,0.000328987595221324,0.0007843238172914799,51,0.055012403464360204,0.06467548657190036,0.014075818486503522,0.014373796311474507,0.1561888865289182,0.1629944853504898
R1336MZZZ_R1336MZZE_mass_0.85_0.15.npz,R1336MZZZ[0.85]&R1336MZZE[0.15]|mass,0,0,2,0.0032006880517201353,1998,0.0014854103875279595,0.46507031972646473,0.0013744580778939023,0.00704031745294742,0.0031671961851625586,4.503403992157215,408,0.002954201576860115,0.012057170458149358,0.002433093161789657,0.00704031745294742,0.00956882795630473,0.04067793345504336,663,9.553176939789398e-05,0.46507031972646473,0.0007347099027447247,0.0032598733200757124,0.006823136773330794,4.503403992157215,704,0.0031625799829066823,0.02307786005349044,0.0005204875291883628,0.0044049993980479485,0.001158796563425191,0.03456834006612375,223,0.00015641043269852165,0.0004270664424552706,3.4617291889844656e-05,5.2186850325597334e-05,0.000317277460769763,0.0021578351456059334,50,0.3887554215373032,0.46507031972646473,0.005749011606046674,0.00704031745294742,2.73082002404984,4.503403992157215
R1336MZZZ_R1336MZZE_mass_0.90_0.10.npz,R1336MZZZ[0.9]&R1336MZZE[0.1]|mass,0,0,1,0.0025504499217845478,1999,0.0008163228273781438,0.6047766893285598,0.0011212080202130878,2.3117619490876677,0.0028697680829109042,9.350336782657807,403,0.0007961726624796518,0.009821035204993223,0.0020988242550811333,0.0047609549044409505,0.0030734668892934748,0.04162135145120413,651,0.00010565007244167646,0.0006946924951307665,0.0004920002768358245,0.0034715006120222824,0.0063097463958252265,0.024643007819142578,714,0.0019542808211656408,0.008532280523581903,0.00019313629985390446,0.0014952437161355192,0.00047380486660222176,0.00336584134422815,231,0.04606747170830613,0.6047766893285598,0.03927114556347484,2.3117619490876677,0.16914869272162503,9.350336782657807,52,0.5403892102540376,0.6047766893285598,1.8666082732461127,2.3117619490876677,5.54201423354086,9.350336782657807
R1336MZZZ_R1336MZZE_mass_0.95_0.05.npz,R1336MZZZ[0.95]&R1336MZZE[0.05]|mass,0,0,0,0.0022626979161941563,2000,0.0012019629527543429,0.028424046175359763,0.0013795383409478743,0.02127119308147485,0.002470292851175795,0.06541164610407847,412,0.002821409644585035,0.016034607167568993,0.0023316487821671184,0.006643909877539045,0.008926043820595786,0.06541164610407847,638,6.116798627999742e-05,0.0006231389717186175,0.0006395929059658555,0.002370473288010544,0.003076235491302131,0.029659352566256014,727,0.004783954190498918,0.028424046175359763,0.0004903299131592586,0.004337812284802567,0.0011285355090164414,0.033700156190655445,223,0.0003162462381737896,0.0015276788889195814,0.0005478853537215405,0.02127119308147485,0.0017699170441591648,0.03809943147772893,53,0.023798883095521403,0.028424046175359763,0.019649113524083068,0.02127119308147485,0.05825341010142039,0.06541164610407847
R1336MZZZ_R1336MZZE_mass_1.00_0.00.npz,R1336MZZZ,0,0,0,0.0021288950792950345,2000,0.0035001642241616077,0.09627776394671628,0.004404198910708599,0.015971575110825142,0.006403134596380504,0.2625312364531553,424,0.004370873086510281,0.06429676232249903,0.007627055996551893,0.015844977741380717,0.009271207074052164,0.2625312364531553,632,0.00022198530725346845,0.0022481597180785684,0.000728557249087763,0.014373227033729563,0.011888315581200062,0.1445920161791544,733,0.008511130942667821,0.09627776394671628,0.0007041757618026165,0.015971575110825142,0.001445086647828746,0.13339834463128702,211,0.0001775697493314965,0.00034875757432928367,2.757528100119089e-05,5.980178309528128e-05,0.0008571984671424208,0.002144262274264172,53,0.09477584200798674,0.09627776394671628,0.01590574447871404,0.015971575110825142,0.20120284191067445,0.2625312364531553
